/*
 Navicat Premium Data Transfer

 Source Server         : localhost101
 Source Server Type    : MySQL
 Source Server Version : 80025
 Source Host           : 192.168.235.102:3308
 Source Schema         : kenaito_aops

 Target Server Type    : MySQL
 Target Server Version : 80025
 File Encoding         : 65001

 Date: 13/05/2025 21:21:52
*/

SET NAMES utf8mb4;
SET FOREIGN_KEY_CHECKS = 0;

-- ----------------------------
-- Table structure for aops_app
-- ----------------------------
DROP TABLE IF EXISTS `aops_app`;
CREATE TABLE `aops_app`  (
  `id` bigint(0) NOT NULL AUTO_INCREMENT COMMENT '自增ID',
  `create_by` varchar(255) CHARACTER SET utf8mb4 COLLATE utf8mb4_0900_ai_ci NOT NULL COMMENT '创建者',
  `create_time` datetime(0) NOT NULL COMMENT '创建时间',
  `update_by` varchar(255) CHARACTER SET utf8mb4 COLLATE utf8mb4_0900_ai_ci NOT NULL COMMENT '更新者',
  `update_time` datetime(0) NOT NULL COMMENT '更新时间',
  `available` int(0) NOT NULL DEFAULT 1 COMMENT '数据有效性',
  `app_name` varchar(255) CHARACTER SET utf8mb4 COLLATE utf8mb4_0900_ai_ci NULL DEFAULT NULL COMMENT '应用名称',
  `product_line_id` bigint(0) NULL DEFAULT NULL COMMENT '所属产品线',
  `language` varchar(255) CHARACTER SET utf8mb4 COLLATE utf8mb4_0900_ai_ci NULL DEFAULT NULL COMMENT '开发语言',
  `description` varchar(255) CHARACTER SET utf8mb4 COLLATE utf8mb4_0900_ai_ci NULL DEFAULT NULL COMMENT '应用描述',
  `app_level` varchar(255) CHARACTER SET utf8mb4 COLLATE utf8mb4_0900_ai_ci NULL DEFAULT NULL COMMENT '应用等级',
  `git_repo_url` varchar(255) CHARACTER SET utf8mb4 COLLATE utf8mb4_0900_ai_ci NULL DEFAULT NULL COMMENT 'git仓库地址',
  `git_project_id` bigint(0) NULL DEFAULT NULL COMMENT 'git项目id',
  `git_project_name` varchar(255) CHARACTER SET utf8mb4 COLLATE utf8mb4_0900_ai_ci NULL DEFAULT NULL COMMENT 'git项目中文名称',
  `git_default_branch` varchar(255) CHARACTER SET utf8mb4 COLLATE utf8mb4_0900_ai_ci NULL DEFAULT NULL COMMENT 'git项目默认分支',
  `git_create_at` datetime(0) NULL DEFAULT NULL COMMENT 'git项目创建时间',
  PRIMARY KEY (`id`) USING BTREE
) ENGINE = InnoDB AUTO_INCREMENT = 8 CHARACTER SET = utf8mb4 COLLATE = utf8mb4_0900_ai_ci COMMENT = '应用' ROW_FORMAT = Dynamic;

-- ----------------------------
-- Records of aops_app
-- ----------------------------
INSERT INTO `aops_app` VALUES (1, 'admin', '2024-11-15 22:12:18', 'admin', '2024-11-15 22:12:18', 1, 'kenaito', 4, 'java', '运维自动化平台', 'a', 'http://kenaito-gitlab.odboy.local:20080/root/kenaito.git', 7, NULL, 'master', '2024-09-29 17:47:30');
INSERT INTO `aops_app` VALUES (2, 'admin', '2024-11-15 22:12:18', 'admin', '2024-11-15 22:12:18', 1, 'kenaito-devops', 4, 'java', 'kenaito运维平台后端', 'a', 'http://kenaito-gitlab.odboy.local:20080/root/kenaito-devops.git', 4, NULL, 'master', '2024-11-15 13:48:50');
INSERT INTO `aops_app` VALUES (3, 'admin', '2024-11-15 22:12:18', 'admin', '2024-11-15 22:12:18', 1, 'demo', 7, 'java', 'demo', 'a', 'http://kenaito-gitlab.odboy.local:20080/root/demo.git', 6, NULL, 'master', '2024-11-15 14:05:10');
INSERT INTO `aops_app` VALUES (4, 'admin', '2024-11-15 22:12:18', 'admin', '2024-11-15 22:12:18', 1, 'kenaito-devops-front', 4, 'vue', 'kenaito-devops前端', 'a', 'http://kenaito-gitlab.odboy.local:20080/root/kenaito-devops-front.git', 5, NULL, 'master', '2024-11-15 13:51:14');
INSERT INTO `aops_app` VALUES (5, 'admin', '2024-11-15 22:12:18', 'admin', '2024-11-15 22:12:18', 1, 'demo1', 7, 'java', 'demo1', 'b', 'http://kenaito-gitlab.odboy.local:20080/root/demo1.git', 7, NULL, 'master', '2024-11-15 14:39:49');
INSERT INTO `aops_app` VALUES (6, 'admin', '2024-11-15 22:12:18', 'admin', '2024-11-15 22:12:18', 1, 'asdasd', 7, 'java', 'asdasd', 'c', 'http://kenaito-gitlab.odboy.local:20080/root/asdasd.git', 8, NULL, 'master', '2024-11-15 14:42:04');
INSERT INTO `aops_app` VALUES (7, 'admin', '2024-11-15 22:12:18', 'admin', '2024-11-15 22:12:18', 1, 'asdasdasd', 8, 'java', 'asdasdasd', 'c', 'http://kenaito-gitlab.odboy.local:20080/root/asdasdasd.git', 9, NULL, 'master', '2024-11-15 14:48:09');
INSERT INTO `aops_app` VALUES (8, 'admin', '2024-11-15 22:12:18', 'admin', '2024-11-15 22:12:18', 1, 'demo2', 8, 'java', 'demo2', 'b', 'http://kenaito-gitlab.odboy.local:20080/root/demo2.git', 10, NULL, 'master', '2024-11-15 14:54:18');

-- ----------------------------
-- Table structure for aops_app_user
-- ----------------------------
DROP TABLE IF EXISTS `aops_app_user`;
CREATE TABLE `aops_app_user`  (
  `app_id` bigint(0) NOT NULL COMMENT '应用id',
  `user_id` bigint(0) NOT NULL COMMENT '用户Id',
  `role_code` varchar(255) CHARACTER SET utf8mb4 COLLATE utf8mb4_0900_ai_ci NOT NULL COMMENT '角色编码',
  PRIMARY KEY (`app_id`, `role_code`, `user_id`) USING BTREE
) ENGINE = InnoDB CHARACTER SET = utf8mb4 COLLATE = utf8mb4_0900_ai_ci COMMENT = '应用、成员关联' ROW_FORMAT = Dynamic;

-- ----------------------------
-- Records of aops_app_user
-- ----------------------------
INSERT INTO `aops_app_user` VALUES (1, 1, 'config');
INSERT INTO `aops_app_user` VALUES (1, 1, 'dba');
INSERT INTO `aops_app_user` VALUES (1, 1, 'dev');
INSERT INTO `aops_app_user` VALUES (1, 1, 'network');
INSERT INTO `aops_app_user` VALUES (1, 1, 'owner');
INSERT INTO `aops_app_user` VALUES (2, 3, 'dev');
INSERT INTO `aops_app_user` VALUES (2, 1, 'owner');
INSERT INTO `aops_app_user` VALUES (3, 1, 'owner');
INSERT INTO `aops_app_user` VALUES (4, 1, 'owner');
INSERT INTO `aops_app_user` VALUES (5, 1, 'owner');
INSERT INTO `aops_app_user` VALUES (6, 1, 'owner');
INSERT INTO `aops_app_user` VALUES (7, 1, 'owner');
INSERT INTO `aops_app_user` VALUES (8, 1, 'owner');

-- ----------------------------
-- Table structure for aops_app_user_collect
-- ----------------------------
DROP TABLE IF EXISTS `aops_app_user_collect`;
CREATE TABLE `aops_app_user_collect`  (
  `app_id` bigint(0) NOT NULL COMMENT '应用id',
  `user_id` bigint(0) NOT NULL COMMENT '用户Id',
  PRIMARY KEY (`app_id`, `user_id`) USING BTREE
) ENGINE = InnoDB CHARACTER SET = utf8mb4 COLLATE = utf8mb4_0900_ai_ci COMMENT = '用户收藏的应用' ROW_FORMAT = Dynamic;

-- ----------------------------
-- Records of aops_app_user_collect
-- ----------------------------
INSERT INTO `aops_app_user_collect` VALUES (2, 1);
INSERT INTO `aops_app_user_collect` VALUES (4, 1);

-- ----------------------------
-- Table structure for aops_kubernetes_cluster_config
-- ----------------------------
DROP TABLE IF EXISTS `aops_kubernetes_cluster_config`;
CREATE TABLE `aops_kubernetes_cluster_config`  (
  `id` bigint(0) NOT NULL AUTO_INCREMENT COMMENT '自增ID',
  `create_by` varchar(50) CHARACTER SET utf8mb4 COLLATE utf8mb4_0900_ai_ci NOT NULL COMMENT '创建者',
  `create_time` datetime(0) NOT NULL COMMENT '创建时间',
  `update_by` varchar(50) CHARACTER SET utf8mb4 COLLATE utf8mb4_0900_ai_ci NOT NULL COMMENT '更新者',
  `update_time` datetime(0) NOT NULL COMMENT '更新时间',
  `available` int(0) NOT NULL DEFAULT 1 COMMENT '数据有效性',
  `env_code` varchar(255) CHARACTER SET utf8mb4 COLLATE utf8mb4_0900_ai_ci NOT NULL COMMENT '环境编码',
  `cluster_code` varchar(255) CHARACTER SET utf8mb4 COLLATE utf8mb4_0900_ai_ci NOT NULL COMMENT '集群编码',
  `cluster_name` varchar(255) CHARACTER SET utf8mb4 COLLATE utf8mb4_0900_ai_ci NOT NULL COMMENT '集群名称',
  `cluster_config_content` blob NOT NULL COMMENT '配置内容',
  `status` tinyint(1) NOT NULL DEFAULT 1 COMMENT '是否启用(1、启用 0、禁用)',
  `cluster_default_app_image` varchar(255) CHARACTER SET utf8mb4 COLLATE utf8mb4_0900_ai_ci NULL DEFAULT NULL COMMENT '集群默认应用镜像',
  `cluster_node_size` int(0) NULL DEFAULT 0 COMMENT '集群节点数量',
  `cluster_pod_size` int(0) NULL DEFAULT 0 COMMENT '集群Pod数量',
  `cluster_default_app_yaml` blob NULL COMMENT '集群默认应用yaml',
  PRIMARY KEY (`id`) USING BTREE
) ENGINE = InnoDB AUTO_INCREMENT = 3 CHARACTER SET = utf8mb4 COLLATE = utf8mb4_0900_ai_ci COMMENT = 'Kubernetes集群配置' ROW_FORMAT = Dynamic;

-- ----------------------------
-- Records of aops_kubernetes_cluster_config
-- ----------------------------
INSERT INTO `aops_kubernetes_cluster_config` VALUES (1, 'admin', '2024-11-16 00:22:53', 'System', '2025-05-12 22:45:01', 1, 'daily', 'local_daily', '本地日常集群', 0x61706956657273696F6E3A2076310D0A636C7573746572733A0D0A2D20636C75737465723A0D0A2020202063657274696669636174652D617574686F726974792D646174613A204C5330744C5331435255644A5469424452564A5553555A4A51304655525330744C533074436B314A53555274616B4E445157394C5A30463353554A425A306C565258424A59793953544768614E574E735155357A634464704E455A734B3156534E477856643052525755704C6231704A61485A6A546B46525255774B516C4642643170455255784E515774485154465652554A6F54554E524D4452345256524255454A6E546C5A43515764555130566F61474A745A474668527A6B785456467A64304E5257555257555646495258644B57517056656B564E545546765230457856555644614531455958706F656B31524F48644555566C45566C465254455633576C526C57453477576C637765455A71515656435A303557516B464E564552586444465A62565A35436D4A74566A42615745313057544A4664306C435930354E616C5633546C52424D3031455358684E524546335632686E5545317152586C4F564545775456524E643031715258644E52454A685455645265454E3651556F4B516D644F566B4A42575652426130355054564A4664305233575552575556464A5258646F53566C584E573558625768325A46524654453142613064424D565646516E684E51316447545868455245464C516D644F566770435157395551544A7A4E474E365256424E515442485154465652554E34545564564D3278365A456457644531535758644751566C45566C4652524556334D584A6B563070735932303162475248566E704D5630356F436B314A53554A4A616B464F516D64726357687261556335647A424351564646526B464254304E425554684254556C4A516B4E6E53304E42555556424E5856696156647156464A695744426E62323172643346306158414B5644566F57566C34656A4A77516A5A4B5247314F4D6C6854616C5258526D4D35536C6C58596E4E445A587076656D704F545578465232644C564738724E544976656C55344E6E704B596C4E4554574A504D7974555641704E616B387663466853526B467751575634636C707A65456C705A326C4B636C52725645707053574E794D584A484E306C75616B746F536B74434E31426C51325A566132317A525767766469746E4D486C6B4B334668436E4934566D52554B314A4E5248564851584A48635668465644493155305934544668324F4339686246424F644573316445637964556776626E5A4E4E30524C656B5A335A306C6F53304E365545355559576449526C6F4B65566873616E685A636C4271626B4A70556B396A53444E5056335231636B5A50655539555754677761553833643031685A46687162576C595A476C435355647865546442544577305344426851793949574770735577706E556B5A3265484E4D4D54526C645449726348424C4D445278526D6331626B394A4E555250636D354555334E4A4F566C6C556C597A636D35446557303051336C6D516D46465A5777764E474672656E56526232644F436E4A525355524255554643627A424A64314645515539435A30355753464534516B466D4F455643515531445156465A6430523357555257556A4255515646494C304A4256586442643056434C3370425A454A6E546C594B5346453052555A6E555656734E6E564E63336B315A566B78626B7032556A646B5A544A42516D467256307855546C6C335246465A536B7476576B6C6F646D4E4F5156464654454A525155526E5A30564351554A715977706A546D316855315A795A314E6B51315A4D553356545A3146366433647556334177527A4659636E46764E3249315A31424F5379744F557A5235616B4A6F566A6C5654326C354D485A7163554A6D596D645A576D644D436E6C74656A5A6E537A4E574C32746E4E575A3063484A336347687755445A7964556C505431647852444E684C326C4361484A434E6C4A3063473961615652685746645A52576845555756715455394653453557656C6B4B655456545154464E56573432626D644E52437458563068445969383455586C73516B56516445317154565A7556315935656E64615533525A525663355754426B646E426F5A6D70425A327376625735334F5668525667706961544D345632706C4E6B396F5133705A5933706D4B3273346158497265484A746332744E62484A305A564A5A6447466A516B64544E444250596C646A6456457757484E3364314A76526E427A6347673462465231436C68484C33424E525374366332497856473555526C49774E6C6B7A596D565159305A5861306456536D3545636C684B5346677A64544E356146466D4D30784C5346565A4E487077546E5A48566C704F4B3368315657454B5A6D593556465A4756484E425546464662574E35546B6C70627A304B4C5330744C533146546B51675130565356456C4753554E42564555744C5330744C516F3D0D0A202020207365727665723A2068747470733A2F2F3139322E3136382E3233352E3130313A363434330D0A20206E616D653A20636C7573746572310D0A636F6E74657874733A0D0A2D20636F6E746578743A0D0A20202020636C75737465723A20636C7573746572310D0A20202020757365723A2061646D696E0D0A20206E616D653A20636F6E746578742D636C7573746572310D0A63757272656E742D636F6E746578743A20636F6E746578742D636C7573746572310D0A6B696E643A20436F6E6669670D0A707265666572656E6365733A207B7D0D0A75736572733A0D0A2D206E616D653A2061646D696E0D0A2020757365723A0D0A20202020636C69656E742D63657274696669636174652D646174613A204C5330744C5331435255644A5469424452564A5553555A4A51304655525330744C533074436B314A53555179616B4E4451584E4C5A30463353554A425A306C56536E465955306C4D4D3063306244424A595846734E6B78474B32744661475245656A645A643052525755704C6231704A61485A6A546B46525255774B516C4642643170455255784E515774485154465652554A6F54554E524D4452345256524255454A6E546C5A43515764555130566F61474A745A474668527A6B785456467A64304E5257555257555646495258644B57517056656B564E545546765230457856555644614531455958706F656B31524F48644555566C45566C465254455633576C526C57453477576C637765455A71515656435A303557516B464E564552586444465A62565A35436D4A74566A42615745313057544A4664306C435930354E616C5633546C52424D3031455358684E524546335632686E5545317151544E4F5645457754577056643031715258644E52454A685455646A65454E3651556F4B516D644F566B4A42575652426130355054564A4664305233575552575556464A5258646F53566C584E573558625768325A46524654453142613064424D565646516E684E5131644754586847656B4657516D644F56677043515739555247354F4E574D7A556D7869564842305756684F4D467059536E704E555468335246465A52465A5255557846643170555A56684F4D4670584D486845616B464E516D644F566B4A425456524356305A72436D4A586248564E53556C4353577042546B4A6E6133466F61326C484F586377516B465252555A4251553944515645345155314A53554A445A3074445156464651584A6C53444E705432745856456731656B784B6330594B526B3153515842705A5570364E7A4131626C4A7851324D794E56427A57486F724E6D5678554841354D327833526D7731596B646E54457059656D356164445A4E513270315657524F63334E534F54566D61577036574170555A57786D564746706332396151576C5454303546597A52684E484D7A5630526D53334E575932684A54565A704E446C355A6E4E3557445A4C4D307332616A6C504E6B313354445A52656A6C7662575A7057454E6C436A56785A6A4E5564473578524846695246706F62565A314D3274614C7A5A4B52586C58544464755430646A5A4578775457567157474A4E516A4E79545642524E6D5661616E644955484678556E423363336C756544454B4E6A63765355393165445A775755526C64474A3055565A7254554E68645339564D4668694D6D4E73537A4A616345317A566B39794D30787262546856617A644256325135526A4D3064575A6B51584A596554647357516F775346425252486C795A3156454F55457A574756786246646B646D3161636D46335254466B614442564C315A48646939365A544274566B315065445647636A597257465A6F526C70764B324E58536E703352314E44436E4A6A5747465364306C4551564642516D387A4F48646D56454650516D644F566B68524F454A425A6A6846516B464E51304A685158644955566C45566C497762454A435758644751566C4A5333645A516B4A525655674B5158644652304E446330644255565647516E644E51303142643064424D56566B525864465169393355554E4E515546335346465A52465A534D453943516C6C46526B35474F45396A59564E75596D59795532396C4B77707557473542656E526E626D4D72626B744E516A6848515446565A456C3355566C4E516D4642526B706C636D704D5458565962553561655749775A544E59644764425633424761544236563031424D45644455334648436C4E4A596A4E4555555643513364565155453053554A4255554A42624468615A444E505A3052784D334A52624551345A44467254576C5359554A54535759764C324E4C645577724B304E4E4D3039734E486C756448414B647A5254536B4668616D6C565547746B5655527A4E6B46616353396A5355397A56555A435A574A74526C646A644374496545395361306874626B5A584D6D5A754E474E56556C6C795156704561586445625549765551706D5A69745051546731624668734D486446656B4534546C4933596D303052445A33596A457661584E54636B68615255684457546C6952485A7951565245533056436231526A65437334596B34334F464A6B6331525A436E644263484E33616E6C534D6A64554E304670623278684D6D704656466C734F553975536C424955584A79566B4D30576E464659564E4359565644646C6C754D557075593234724E6B526C616B52334E3368506458494B62336C6E5A30356D6346457952564D3355585655597A5933575652704D47564D5933687563554643576D686E5743394C4E58423464584A484F47704956554D79643245765247686E516C70425A584E7A626B46334E516F76566C4E78517A4E49595642705A573833576C4E555246526B4F56525A615864694C33703159556B7A52476C456132557756473975436930744C5330745255354549454E46556C524A526B6C44515652464C5330744C53304B0D0A20202020636C69656E742D6B65792D646174613A204C5330744C5331435255644A546942535530456755464A4A566B46555253424C52566B744C5330744C51704E53556C466233644A516B464253304E4255555642636D56494D326C5061316455534456365445707A526B5A4E556B46776157564B656A63774E57355363554E6A4D6A5651633168364B7A5A6C635642774F544E73436E6447624456695232644D536C6836626C70304E6B3144616E56565A45357A633149354E575A70616E7059564756735A6C526861584E76576B46705530394F52574D305954527A4D3164455A6B747A566D4E6F5355304B566D6B304F586C6D63336C594E6B737A537A5A714F5538325458644D4E6C46364F5739745A6D6C59513255316357597A5648527563555278596B52616147315764544E7257693832536B563556307733626B39485977706B5448424E5A577059596B31434D334A4E554645325A56707164306851635846536348647A655735344D5459334C306C506458673263466C455A58526964464657613031445958557656544259596A4A6A62457379436C707754584E575433497A544774744F4656724E3046585A446C474D7A52315A6D5242636C68354E32785A4D45685155555235636D645652446C424D31686C635778585A485A74576E4A68643055785A4767775653384B566B64324C33706C4D473157545539344E555A794E697459566D6847576D38725931644B656E644855304E7959316868556E644A5245465251554A4262306C4351554E4B51554E564F46706E6269397A654564714E776F7A5155356A53303551556D38724E6D4E6C616C63344D30466A4E6E46724D3356796145394D566C644C5A574A69646A4A764F577333623151316430685151304A564E58424E576B4A4461325978546D743055457730436E6C3264316C345430673253556B3364566C70536E705459546C794D4646515A31644F596A687851585A4352455A6A536C6C7961475A574D6E5A4B526B565764315632613278546369744962545270636C5653576A414B596C6C6F53475530627A4E7452575A7A61486F325930395A59327334626A684F5132357456564979566C703153334E6955325A3256586459546E527751575250527A5278566B46526348426F5A573159527A4E586267706E6248705157457853563152514D45567A57444A73596C46476445465652323933526D786A4D575A6D57464A4D4D545A71596C4E6D4D7A527A57545668555373724E474576635642615231466E616D394E5332684B436B467A4D4663724E324976656C70314E7A4D776558706E55474A454B3064755979744F555535744F586F33636B77786558424C4E437455634641796132637A4E69383054326B3564444E306456566C636E70694C33494B516B52484D47684861304E6E575556424E475A735446464953306C4E614373355632465A63585A35546B744259323130636B51786544633552455A5064455A73656938774E43746E52574D324D485633626B4E6D5241706C556D5658616E6C50554556315533633351306C55526D39455754464265586C325356704D536C707A4E584933645374535356524A626E63354D44463653465A6157454A7963486C6C5433525861315A7461335A50436D567A63307479534463764D47707454465668654642465446684F636E6447576E706A6130356C5648523154484278656B4635595739535545706157475278576A647353326F78636C56445A316C46515868516553734B4E6D566B57566C424E6E706D4D7A52694E455A695633706E63576C305A5652585930747859306C4259553433634852444D6E427A4F584E6F5232525955485655616A6832565446555256646961575A30523251305641706C5153394A636D527455304647566D5670574567765A7A4650526C466C544777315A546C59515756315A53393354315A595348686D597A6C5553306731644668775A45687956304E6F64334652626A6B3054303930436B39776147524E515842565A486457566C4E57543364735458423165575643563256594B314A314F465A4C4F474A55617A647663304E6E57554A48516A5649643231524D32394C636D3530616B686B4D6A524C5446454B65486458556D5656526C564363576F30646A4A6E524374324B334A5463577443635731575245677A5A55397256324A53563151794C334235646B5A4A61456B775531497A634574554E554D7262303555566D70585977706162486870637A563255544D79546D6453565852546332354B53315253535563796247646B6148683562307056516D4A725457644D51305A615333457852325261614739745155453463573552535659335A6E4E4B436D4673646B783352455677626B31736145317764546C775A45747A5A56464C516D645251314A326445786C5333517A4D3152466245466B615652594E6D746F536A6843533030355155453153575A4A596E55354D6A6B4B5A324E44535551334E48424364555A6E56444D33556B314C56307844655539745758644A536C5A7659325A485457464A4E47315A6133563356565650626C567956455A30567A685554466F7961576C4E4F47704656517054655778355756553459566330525774314E4564334D3156364F4656425A486B726130744F4E584E615A6D6C5457454A706345314F4F45784E4D6D4678576B647652464635556E7078564468484C7A5535636B704B436D5A5859545274643074435A304A566233426152336C5A5544424F5544424B5555744F656E565052544A5A56337052535538786345707A4D6B565A4B324A734F5468304C3264754F46427454324A69576D3970616E6F4B51554653526E4A444F45395057574679556C5578646E4E6B5655307861546C7956336B345A585671624545345A6A425055574A784F454D3565545A6C546B317754575651533052314E575645646C6C4651324E33596770704F576448596D4E6B55336473556B4A4E4F5651765A55687459573430626E6B324E444E5752326C54644774335656465A6546526A54584E4D5332746859545651596B567A436930744C5330745255354549464A5451534251556B6C575156524649457446575330744C53307443673D3D, 1, '', 0, 0, NULL);
INSERT INTO `aops_kubernetes_cluster_config` VALUES (2, 'admin', '2024-11-24 17:28:20', 'admin', '2024-12-16 00:26:21', 0, 'online', 'local_online', '本地生产集群', 0x61706956657273696F6E3A2076310D0A636C7573746572733A0D0A2D20636C75737465723A0D0A2020202063657274696669636174652D617574686F726974792D646174613A204C5330744C5331435255644A5469424452564A5553555A4A51304655525330744C533074436B314A53555274616B4E445157394C5A30463353554A425A306C565258424A59793953544768614E574E735155357A634464704E455A734B3156534E477856643052525755704C6231704A61485A6A546B46525255774B516C4642643170455255784E515774485154465652554A6F54554E524D4452345256524255454A6E546C5A43515764555130566F61474A745A474668527A6B785456467A64304E5257555257555646495258644B57517056656B564E545546765230457856555644614531455958706F656B31524F48644555566C45566C465254455633576C526C57453477576C637765455A71515656435A303557516B464E564552586444465A62565A35436D4A74566A42615745313057544A4664306C435930354E616C5633546C52424D3031455358684E524546335632686E5545317152586C4F564545775456524E643031715258644E52454A685455645265454E3651556F4B516D644F566B4A42575652426130355054564A4664305233575552575556464A5258646F53566C584E573558625768325A46524654453142613064424D565646516E684E51316447545868455245464C516D644F566770435157395551544A7A4E474E365256424E515442485154465652554E34545564564D3278365A456457644531535758644751566C45566C4652524556334D584A6B563070735932303162475248566E704D5630356F436B314A53554A4A616B464F516D64726357687261556335647A424351564646526B464254304E425554684254556C4A516B4E6E53304E42555556424E5856696156647156464A695744426E62323172643346306158414B5644566F57566C34656A4A77516A5A4B5247314F4D6C6854616C5258526D4D35536C6C58596E4E445A587076656D704F545578465232644C564738724E544976656C55344E6E704B596C4E4554574A504D7974555641704E616B387663466853526B467751575634636C707A65456C705A326C4B636C52725645707053574E794D584A484E306C75616B746F536B74434E31426C51325A566132317A525767766469746E4D486C6B4B334668436E4934566D52554B314A4E5248564851584A48635668465644493155305934544668324F4339686246424F644573316445637964556776626E5A4E4E30524C656B5A335A306C6F53304E365545355559576449526C6F4B65566873616E685A636C4271626B4A70556B396A53444E5056335231636B5A50655539555754677761553833643031685A46687162576C595A476C435355647865546442544577305344426851793949574770735577706E556B5A3265484E4D4D54526C645449726348424C4D445278526D6331626B394A4E555250636D354555334E4A4F566C6C556C597A636D35446557303051336C6D516D46465A5777764E474672656E56526232644F436E4A525355524255554643627A424A64314645515539435A30355753464534516B466D4F455643515531445156465A6430523357555257556A4255515646494C304A4256586442643056434C3370425A454A6E546C594B5346453052555A6E555656734E6E564E63336B315A566B78626B7032556A646B5A544A42516D467256307855546C6C335246465A536B7476576B6C6F646D4E4F5156464654454A525155526E5A30564351554A715977706A546D316855315A795A314E6B51315A4D553356545A3146366433647556334177527A4659636E46764E3249315A31424F5379744F557A5235616B4A6F566A6C5654326C354D485A7163554A6D596D645A576D644D436E6C74656A5A6E537A4E574C32746E4E575A3063484A336347687755445A7964556C505431647852444E684C326C4361484A434E6C4A3063473961615652685746645A52576845555756715455394653453557656C6B4B655456545154464E56573432626D644E52437458563068445969383455586C73516B56516445317154565A7556315935656E64615533525A525663355754426B646E426F5A6D70425A327376625735334F5668525667706961544D345632706C4E6B396F5133705A5933706D4B3273346158497265484A746332744E62484A305A564A5A6447466A516B64544E444250596C646A6456457757484E3364314A76526E427A6347673462465231436C68484C33424E525374366332497856473555526C49774E6C6B7A596D565159305A5861306456536D3545636C684B5346677A64544E356146466D4D30784C5346565A4E487077546E5A48566C704F4B3368315657454B5A6D593556465A4756484E425546464662574E35546B6C70627A304B4C5330744C533146546B51675130565356456C4753554E42564555744C5330744C516F3D0D0A202020207365727665723A2068747470733A2F2F3139322E3136382E3233352E3130313A363434330D0A20206E616D653A20636C7573746572310D0A636F6E74657874733A0D0A2D20636F6E746578743A0D0A20202020636C75737465723A20636C7573746572310D0A20202020757365723A2061646D696E0D0A20206E616D653A20636F6E746578742D636C7573746572310D0A63757272656E742D636F6E746578743A20636F6E746578742D636C7573746572310D0A6B696E643A20436F6E6669670D0A707265666572656E6365733A207B7D0D0A75736572733A0D0A2D206E616D653A2061646D696E0D0A2020757365723A0D0A20202020636C69656E742D63657274696669636174652D646174613A204C5330744C5331435255644A5469424452564A5553555A4A51304655525330744C533074436B314A53555179616B4E4451584E4C5A30463353554A425A306C56536E465955306C4D4D3063306244424A595846734E6B78474B32744661475245656A645A643052525755704C6231704A61485A6A546B46525255774B516C4642643170455255784E515774485154465652554A6F54554E524D4452345256524255454A6E546C5A43515764555130566F61474A745A474668527A6B785456467A64304E5257555257555646495258644B57517056656B564E545546765230457856555644614531455958706F656B31524F48644555566C45566C465254455633576C526C57453477576C637765455A71515656435A303557516B464E564552586444465A62565A35436D4A74566A42615745313057544A4664306C435930354E616C5633546C52424D3031455358684E524546335632686E5545317151544E4F5645457754577056643031715258644E52454A685455646A65454E3651556F4B516D644F566B4A42575652426130355054564A4664305233575552575556464A5258646F53566C584E573558625768325A46524654453142613064424D565646516E684E5131644754586847656B4657516D644F56677043515739555247354F4E574D7A556D7869564842305756684F4D467059536E704E555468335246465A52465A5255557846643170555A56684F4D4670584D486845616B464E516D644F566B4A425456524356305A72436D4A586248564E53556C4353577042546B4A6E6133466F61326C484F586377516B465252555A4251553944515645345155314A53554A445A3074445156464651584A6C53444E705432745856456731656B784B6330594B526B3153515842705A5570364E7A4131626C4A7851324D794E56427A57486F724E6D5678554841354D327833526D7731596B646E54457059656D356164445A4E513270315657524F63334E534F54566D61577036574170555A57786D564746706332396151576C5454303546597A52684E484D7A5630526D53334E575932684A54565A704E446C355A6E4E3557445A4C4D307332616A6C504E6B313354445A52656A6C7662575A7057454E6C436A56785A6A4E5564473578524846695246706F62565A314D3274614C7A5A4B52586C58544464755430646A5A4578775457567157474A4E516A4E79545642524E6D5661616E644955484678556E423363336C756544454B4E6A63765355393165445A775755526C64474A3055565A7254554E68645339564D4668694D6D4E73537A4A616345317A566B39794D30787262546856617A644256325135526A4D3064575A6B51584A596554647357516F775346425252486C795A3156454F55457A574756786246646B646D3161636D46335254466B614442564C315A48646939365A544274566B315065445647636A597257465A6F526C70764B324E58536E703352314E44436E4A6A5747465364306C4551564642516D387A4F48646D56454650516D644F566B68524F454A425A6A6846516B464E51304A685158644955566C45566C497762454A435758644751566C4A5333645A516B4A525655674B5158644652304E446330644255565647516E644E51303142643064424D56566B525864465169393355554E4E515546335346465A52465A534D453943516C6C46526B35474F45396A59564E75596D59795532396C4B77707557473542656E526E626D4D72626B744E516A6848515446565A456C3355566C4E516D4642526B706C636D704D5458565962553561655749775A544E59644764425633424761544236563031424D45644455334648436C4E4A596A4E4555555643513364565155453053554A4255554A42624468615A444E505A3052784D334A52624551345A44467254576C5359554A54535759764C324E4C645577724B304E4E4D3039734E486C756448414B647A5254536B4668616D6C565547746B5655527A4E6B46616353396A5355397A56555A435A574A74526C646A644374496545395361306874626B5A584D6D5A754E474E56556C6C795156704561586445625549765551706D5A69745051546731624668734D486446656B4534546C4933596D303052445A33596A457661584E54636B68615255684457546C6952485A7951565245533056436231526A65437334596B34334F464A6B6331525A436E644263484E33616E6C534D6A64554E304670623278684D6D704656466C734F553975536C424955584A79566B4D30576E464659564E4359565644646C6C754D557075593234724E6B526C616B52334E3368506458494B62336C6E5A30356D6346457952564D3355585655597A5933575652704D47564D5933687563554643576D686E5743394C4E58423464584A484F47704956554D79643245765247686E516C70425A584E7A626B46334E516F76566C4E78517A4E49595642705A573833576C4E555246526B4F56525A615864694C33703159556B7A52476C456132557756473975436930744C5330745255354549454E46556C524A526B6C44515652464C5330744C53304B0D0A20202020636C69656E742D6B65792D646174613A204C5330744C5331435255644A546942535530456755464A4A566B46555253424C52566B744C5330744C51704E53556C466233644A516B464253304E4255555642636D56494D326C5061316455534456365445707A526B5A4E556B46776157564B656A63774E57355363554E6A4D6A5651633168364B7A5A6C635642774F544E73436E6447624456695232644D536C6836626C70304E6B3144616E56565A45357A633149354E575A70616E7059564756735A6C526861584E76576B46705530394F52574D305954527A4D3164455A6B747A566D4E6F5355304B566D6B304F586C6D63336C594E6B737A537A5A714F5538325458644D4E6C46364F5739745A6D6C59513255316357597A5648527563555278596B52616147315764544E7257693832536B563556307733626B39485977706B5448424E5A577059596B31434D334A4E554645325A56707164306851635846536348647A655735344D5459334C306C506458673263466C455A58526964464657613031445958557656544259596A4A6A62457379436C707754584E575433497A544774744F4656724E3046585A446C474D7A52315A6D5242636C68354E32785A4D45685155555235636D645652446C424D31686C635778585A485A74576E4A68643055785A4767775653384B566B64324C33706C4D473157545539344E555A794E697459566D6847576D38725931644B656E644855304E7959316868556E644A5245465251554A4262306C4351554E4B51554E564F46706E6269397A654564714E776F7A5155356A53303551556D38724E6D4E6C616C63344D30466A4E6E46724D3356796145394D566C644C5A574A69646A4A764F577333623151316430685151304A564E58424E576B4A4461325978546D743055457730436E6C3264316C345430673253556B3364566C70536E705459546C794D4646515A31644F596A687851585A4352455A6A536C6C7961475A574D6E5A4B526B565764315632613278546369744962545270636C5653576A414B596C6C6F53475530627A4E7452575A7A61486F325930395A59327334626A684F5132357456564979566C703153334E6955325A3256586459546E527751575250527A5278566B46526348426F5A573159527A4E586267706E6248705157457853563152514D45567A57444A73596C46476445465652323933526D786A4D575A6D57464A4D4D545A71596C4E6D4D7A527A57545668555373724E474576635642615231466E616D394E5332684B436B467A4D4663724E324976656C70314E7A4D776558706E55474A454B3064755979744F555535744F586F33636B77786558424C4E437455634641796132637A4E69383054326B3564444E306456566C636E70694C33494B516B52484D47684861304E6E575556424E475A735446464953306C4E614373355632465A63585A35546B744259323130636B51786544633552455A5064455A73656938774E43746E52574D324D485633626B4E6D5241706C556D5658616E6C50554556315533633351306C55526D39455754464265586C325356704D536C707A4E584933645374535356524A626E63354D44463653465A6157454A7963486C6C5433525861315A7461335A50436D567A63307479534463764D47707454465668654642465446684F636E6447576E706A6130356C5648523154484278656B4635595739535545706157475278576A647353326F78636C56445A316C46515868516553734B4E6D566B57566C424E6E706D4D7A52694E455A695633706E63576C305A5652585930747859306C4259553433634852444D6E427A4F584E6F5232525955485655616A6832565446555256646961575A30523251305641706C5153394A636D527455304647566D5670574567765A7A4650526C466C544777315A546C59515756315A53393354315A595348686D597A6C5553306731644668775A45687956304E6F64334652626A6B3054303930436B39776147524E515842565A486457566C4E57543364735458423165575643563256594B314A314F465A4C4F474A55617A647663304E6E57554A48516A5649643231524D32394C636D3530616B686B4D6A524C5446454B65486458556D5656526C564363576F30646A4A6E524374324B334A5463577443635731575245677A5A55397256324A53563151794C334235646B5A4A61456B775531497A634574554E554D7262303555566D70585977706162486870637A563255544D79546D6453565852546332354B53315253535563796247646B6148683562307056516D4A725457644D51305A615333457852325261614739745155453463573552535659335A6E4E4B436D4673646B783352455677626B31736145317764546C775A45747A5A56464C516D645251314A326445786C5333517A4D3152466245466B615652594E6D746F536A6843533030355155453153575A4A596E55354D6A6B4B5A324E44535551334E48424364555A6E56444D33556B314C56307844655539745758644A536C5A7659325A485457464A4E47315A6133563356565650626C567956455A30567A685554466F7961576C4E4F47704656517054655778355756553459566330525774314E4564334D3156364F4656425A486B726130744F4E584E615A6D6C5457454A706345314F4F45784E4D6D4678576B647652464635556E7078564468484C7A5535636B704B436D5A5859545274643074435A304A566233426152336C5A5544424F5544424B5555744F656E565052544A5A56337052535538786345707A4D6B565A4B324A734F5468304C3264754F46427454324A69576D3970616E6F4B51554653526E4A444F45395057574679556C5578646E4E6B5655307861546C7956336B345A585671624545345A6A425055574A784F454D3565545A6C546B317754575651533052314E575645646C6C4651324E33596770704F576448596D4E6B55336473556B4A4E4F5651765A55687459573430626E6B324E444E5752326C54644774335656465A6546526A54584E4D5332746859545651596B567A436930744C5330745255354549464A5451534251556B6C575156524649457446575330744C53307443673D3D, 1, '', 0, 0, NULL);

-- ----------------------------
-- Table structure for aops_kubernetes_containerd_spec_config
-- ----------------------------
DROP TABLE IF EXISTS `aops_kubernetes_containerd_spec_config`;
CREATE TABLE `aops_kubernetes_containerd_spec_config`  (
  `id` bigint(0) NOT NULL AUTO_INCREMENT COMMENT '自增ID',
  `create_by` varchar(50) CHARACTER SET utf8mb4 COLLATE utf8mb4_0900_ai_ci NOT NULL COMMENT '创建者',
  `create_time` datetime(0) NOT NULL COMMENT '创建时间',
  `update_by` varchar(50) CHARACTER SET utf8mb4 COLLATE utf8mb4_0900_ai_ci NOT NULL COMMENT '更新者',
  `update_time` datetime(0) NOT NULL COMMENT '更新时间',
  `available` int(0) NOT NULL DEFAULT 1 COMMENT '数据有效性',
  `spec_name` varchar(255) CHARACTER SET utf8mb4 COLLATE utf8mb4_0900_ai_ci NOT NULL COMMENT '规格名称',
  `cpu_num` int(0) NOT NULL COMMENT 'cpu核数',
  `mem_num` int(0) NOT NULL COMMENT '内存大小，单位Gi',
  `disk_size` int(0) NOT NULL COMMENT '磁盘大小，单位Gi',
  PRIMARY KEY (`id`) USING BTREE
) ENGINE = InnoDB AUTO_INCREMENT = 3 CHARACTER SET = utf8mb4 COLLATE = utf8mb4_0900_ai_ci COMMENT = 'Kubernetes容器规格配置' ROW_FORMAT = Dynamic;

-- ----------------------------
-- Records of aops_kubernetes_containerd_spec_config
-- ----------------------------
INSERT INTO `aops_kubernetes_containerd_spec_config` VALUES (1, 'admin', '2024-11-19 17:14:23', 'admin', '2024-11-19 17:14:23', 1, '普通规格', 1, 1, 40);
INSERT INTO `aops_kubernetes_containerd_spec_config` VALUES (2, 'admin', '2024-11-19 17:14:47', 'admin', '2024-11-19 17:14:47', 1, '普通规格', 1, 2, 40);
INSERT INTO `aops_kubernetes_containerd_spec_config` VALUES (3, 'admin', '2025-05-12 11:14:20', 'admin', '2025-05-12 11:14:27', 1, '一般规格', 2, 4, 40);

-- ----------------------------
-- Table structure for aops_kubernetes_network_ingress
-- ----------------------------
DROP TABLE IF EXISTS `aops_kubernetes_network_ingress`;
CREATE TABLE `aops_kubernetes_network_ingress`  (
  `id` bigint(0) NOT NULL AUTO_INCREMENT COMMENT '自增ID',
  `create_by` varchar(50) CHARACTER SET utf8mb4 COLLATE utf8mb4_0900_ai_ci NOT NULL COMMENT '创建者',
  `create_time` datetime(0) NOT NULL COMMENT '创建时间',
  `update_by` varchar(50) CHARACTER SET utf8mb4 COLLATE utf8mb4_0900_ai_ci NOT NULL COMMENT '更新者',
  `update_time` datetime(0) NOT NULL COMMENT '更新时间',
  `available` int(0) NOT NULL DEFAULT 1 COMMENT '数据有效性',
  `env_code` varchar(255) CHARACTER SET utf8mb4 COLLATE utf8mb4_0900_ai_ci NOT NULL COMMENT '环境编码',
  `app_name` varchar(255) CHARACTER SET utf8mb4 COLLATE utf8mb4_0900_ai_ci NOT NULL COMMENT '应用名称',
  `ingress_name` varchar(255) CHARACTER SET utf8mb4 COLLATE utf8mb4_0900_ai_ci NOT NULL COMMENT 'ingress名称',
  `hostname` varchar(255) CHARACTER SET utf8mb4 COLLATE utf8mb4_0900_ai_ci NOT NULL COMMENT '绑定域名',
  `network_type` varchar(255) CHARACTER SET utf8mb4 COLLATE utf8mb4_0900_ai_ci NOT NULL COMMENT '绑定域名的类型，内网或者外网',
  `service_id` bigint(0) NOT NULL COMMENT '绑定的ServiceId',
  `path` varchar(255) CHARACTER SET utf8mb4 COLLATE utf8mb4_0900_ai_ci NOT NULL COMMENT '绑定的路径，默认为\"/\"',
  PRIMARY KEY (`id`) USING BTREE
) ENGINE = InnoDB AUTO_INCREMENT = 2 CHARACTER SET = utf8mb4 COLLATE = utf8mb4_0900_ai_ci COMMENT = 'Kubernetes网络ingress-nginx' ROW_FORMAT = Dynamic;

-- ----------------------------
-- Records of aops_kubernetes_network_ingress
-- ----------------------------
INSERT INTO `aops_kubernetes_network_ingress` VALUES (1, 'admin', '2024-11-21 22:24:25', 'admin', '2024-11-21 22:24:25', 0, 'daily', 'kenaito-devops', 'kenaito-devops-daily-inner-ing', 'kenaito-devops.odboy.com.com', 'inner', 1, '/');
INSERT INTO `aops_kubernetes_network_ingress` VALUES (2, 'admin', '2024-11-21 22:24:25', 'admin', '2024-11-21 22:24:25', 1, 'daily', 'kenaito-devops', 'kenaito-devops-daily-inner-ing', 'kenaito-devops.odboy.com', 'inner', 1, '/');

-- ----------------------------
-- Table structure for aops_kubernetes_network_service
-- ----------------------------
DROP TABLE IF EXISTS `aops_kubernetes_network_service`;
CREATE TABLE `aops_kubernetes_network_service`  (
  `id` bigint(0) NOT NULL AUTO_INCREMENT COMMENT '自增ID',
  `create_by` varchar(50) CHARACTER SET utf8mb4 COLLATE utf8mb4_0900_ai_ci NOT NULL COMMENT '创建者',
  `create_time` datetime(0) NOT NULL COMMENT '创建时间',
  `update_by` varchar(50) CHARACTER SET utf8mb4 COLLATE utf8mb4_0900_ai_ci NOT NULL COMMENT '更新者',
  `update_time` datetime(0) NOT NULL COMMENT '更新时间',
  `available` int(0) NOT NULL DEFAULT 1 COMMENT '数据有效性',
  `env_code` varchar(255) CHARACTER SET utf8mb4 COLLATE utf8mb4_0900_ai_ci NOT NULL COMMENT '环境编码',
  `app_name` varchar(255) CHARACTER SET utf8mb4 COLLATE utf8mb4_0900_ai_ci NOT NULL COMMENT '应用、资源名称',
  `service_type` varchar(10) CHARACTER SET utf8mb4 COLLATE utf8mb4_0900_ai_ci NOT NULL COMMENT '服务类型(应用 app 资源 resource)',
  `service_name` varchar(255) CHARACTER SET utf8mb4 COLLATE utf8mb4_0900_ai_ci NOT NULL COMMENT '服务名称',
  `service_port` int(0) NOT NULL COMMENT '服务端口',
  `service_target_port` int(0) NOT NULL COMMENT '容器端口',
  PRIMARY KEY (`id`) USING BTREE
) ENGINE = InnoDB AUTO_INCREMENT = 1 CHARACTER SET = utf8mb4 COLLATE = utf8mb4_0900_ai_ci COMMENT = 'Kubernetes网络service' ROW_FORMAT = Dynamic;

-- ----------------------------
-- Records of aops_kubernetes_network_service
-- ----------------------------
INSERT INTO `aops_kubernetes_network_service` VALUES (1, 'admin', '2024-11-20 20:37:49', 'admin', '2024-11-20 20:37:49', 1, 'daily', 'kenaito-devops', 'app', 'kenaito-devops-daily-app-svc-80', 80, 12800);

-- ----------------------------
-- Table structure for operation_log
-- ----------------------------
DROP TABLE IF EXISTS `operation_log`;
CREATE TABLE `operation_log`  (
  `id` bigint(0) NOT NULL AUTO_INCREMENT COMMENT 'id',
  `biz_name` varchar(255) CHARACTER SET utf8mb4 COLLATE utf8mb4_0900_ai_ci NULL DEFAULT NULL,
  `method` varchar(255) CHARACTER SET utf8mb4 COLLATE utf8mb4_0900_ai_ci NULL DEFAULT NULL,
  `params` text CHARACTER SET utf8mb4 COLLATE utf8mb4_0900_ai_ci NULL,
  `request_ip` varchar(255) CHARACTER SET utf8mb4 COLLATE utf8mb4_0900_ai_ci NULL DEFAULT NULL,
  `execute_time` bigint(0) NULL DEFAULT NULL,
  `username` varchar(255) CHARACTER SET utf8mb4 COLLATE utf8mb4_0900_ai_ci NULL DEFAULT NULL,
  `address` varchar(255) CHARACTER SET utf8mb4 COLLATE utf8mb4_0900_ai_ci NULL DEFAULT NULL,
  `browser_info` varchar(255) CHARACTER SET utf8mb4 COLLATE utf8mb4_0900_ai_ci NULL DEFAULT NULL,
  `exception_detail` text CHARACTER SET utf8mb4 COLLATE utf8mb4_0900_ai_ci NULL,
  `create_time` datetime(0) NOT NULL,
  PRIMARY KEY (`id`) USING BTREE
) ENGINE = InnoDB AUTO_INCREMENT = 1 CHARACTER SET = utf8mb4 COLLATE = utf8mb4_0900_ai_ci COMMENT = '审计日志' ROW_FORMAT = Dynamic;

-- ----------------------------
-- Records of operation_log
-- ----------------------------

-- ----------------------------
-- Table structure for qrtz_blob_triggers
-- ----------------------------
DROP TABLE IF EXISTS `qrtz_blob_triggers`;
CREATE TABLE `qrtz_blob_triggers`  (
  `sched_name` varchar(120) CHARACTER SET utf8mb4 COLLATE utf8mb4_0900_ai_ci NOT NULL,
  `trigger_name` varchar(200) CHARACTER SET utf8mb4 COLLATE utf8mb4_0900_ai_ci NOT NULL,
  `trigger_group` varchar(200) CHARACTER SET utf8mb4 COLLATE utf8mb4_0900_ai_ci NOT NULL,
  `blob_data` blob NULL,
  PRIMARY KEY (`sched_name`, `trigger_name`, `trigger_group`) USING BTREE,
  INDEX `sched_name`(`sched_name`, `trigger_name`, `trigger_group`) USING BTREE,
  CONSTRAINT `qrtz_blob_triggers_ibfk_1` FOREIGN KEY (`sched_name`, `trigger_name`, `trigger_group`) REFERENCES `qrtz_triggers` (`sched_name`, `trigger_name`, `trigger_group`) ON DELETE RESTRICT ON UPDATE RESTRICT
) ENGINE = InnoDB CHARACTER SET = utf8mb4 COLLATE = utf8mb4_0900_ai_ci ROW_FORMAT = Dynamic;

-- ----------------------------
-- Records of qrtz_blob_triggers
-- ----------------------------

-- ----------------------------
-- Table structure for qrtz_calendars
-- ----------------------------
DROP TABLE IF EXISTS `qrtz_calendars`;
CREATE TABLE `qrtz_calendars`  (
  `sched_name` varchar(120) CHARACTER SET utf8mb4 COLLATE utf8mb4_0900_ai_ci NOT NULL,
  `calendar_name` varchar(200) CHARACTER SET utf8mb4 COLLATE utf8mb4_0900_ai_ci NOT NULL,
  `calendar` blob NOT NULL,
  PRIMARY KEY (`sched_name`, `calendar_name`) USING BTREE
) ENGINE = InnoDB CHARACTER SET = utf8mb4 COLLATE = utf8mb4_0900_ai_ci ROW_FORMAT = Dynamic;

-- ----------------------------
-- Records of qrtz_calendars
-- ----------------------------

-- ----------------------------
-- Table structure for qrtz_cron_triggers
-- ----------------------------
DROP TABLE IF EXISTS `qrtz_cron_triggers`;
CREATE TABLE `qrtz_cron_triggers`  (
  `sched_name` varchar(120) CHARACTER SET utf8mb4 COLLATE utf8mb4_0900_ai_ci NOT NULL,
  `trigger_name` varchar(200) CHARACTER SET utf8mb4 COLLATE utf8mb4_0900_ai_ci NOT NULL,
  `trigger_group` varchar(200) CHARACTER SET utf8mb4 COLLATE utf8mb4_0900_ai_ci NOT NULL,
  `cron_expression` varchar(120) CHARACTER SET utf8mb4 COLLATE utf8mb4_0900_ai_ci NOT NULL,
  `time_zone_id` varchar(80) CHARACTER SET utf8mb4 COLLATE utf8mb4_0900_ai_ci NULL DEFAULT NULL,
  PRIMARY KEY (`sched_name`, `trigger_name`, `trigger_group`) USING BTREE,
  CONSTRAINT `qrtz_cron_triggers_ibfk_1` FOREIGN KEY (`sched_name`, `trigger_name`, `trigger_group`) REFERENCES `qrtz_triggers` (`sched_name`, `trigger_name`, `trigger_group`) ON DELETE RESTRICT ON UPDATE RESTRICT
) ENGINE = InnoDB CHARACTER SET = utf8mb4 COLLATE = utf8mb4_0900_ai_ci ROW_FORMAT = Dynamic;

-- ----------------------------
-- Records of qrtz_cron_triggers
-- ----------------------------

-- ----------------------------
-- Table structure for qrtz_fired_triggers
-- ----------------------------
DROP TABLE IF EXISTS `qrtz_fired_triggers`;
CREATE TABLE `qrtz_fired_triggers`  (
  `sched_name` varchar(120) CHARACTER SET utf8mb4 COLLATE utf8mb4_0900_ai_ci NOT NULL,
  `entry_id` varchar(95) CHARACTER SET utf8mb4 COLLATE utf8mb4_0900_ai_ci NOT NULL,
  `trigger_name` varchar(200) CHARACTER SET utf8mb4 COLLATE utf8mb4_0900_ai_ci NOT NULL,
  `trigger_group` varchar(200) CHARACTER SET utf8mb4 COLLATE utf8mb4_0900_ai_ci NOT NULL,
  `instance_name` varchar(200) CHARACTER SET utf8mb4 COLLATE utf8mb4_0900_ai_ci NOT NULL,
  `fired_time` bigint(0) NOT NULL,
  `sched_time` bigint(0) NOT NULL,
  `priority` int(0) NOT NULL,
  `state` varchar(16) CHARACTER SET utf8mb4 COLLATE utf8mb4_0900_ai_ci NOT NULL,
  `job_name` varchar(200) CHARACTER SET utf8mb4 COLLATE utf8mb4_0900_ai_ci NULL DEFAULT NULL,
  `job_group` varchar(200) CHARACTER SET utf8mb4 COLLATE utf8mb4_0900_ai_ci NULL DEFAULT NULL,
  `is_nonconcurrent` varchar(1) CHARACTER SET utf8mb4 COLLATE utf8mb4_0900_ai_ci NULL DEFAULT NULL,
  `requests_recovery` varchar(1) CHARACTER SET utf8mb4 COLLATE utf8mb4_0900_ai_ci NULL DEFAULT NULL,
  PRIMARY KEY (`sched_name`, `entry_id`) USING BTREE,
  INDEX `idx_qrtz_ft_trig_inst_name`(`sched_name`, `instance_name`) USING BTREE,
  INDEX `idx_qrtz_ft_inst_job_req_rcvry`(`sched_name`, `instance_name`, `requests_recovery`) USING BTREE,
  INDEX `idx_qrtz_ft_j_g`(`sched_name`, `job_name`, `job_group`) USING BTREE,
  INDEX `idx_qrtz_ft_jg`(`sched_name`, `job_group`) USING BTREE,
  INDEX `idx_qrtz_ft_t_g`(`sched_name`, `trigger_name`, `trigger_group`) USING BTREE,
  INDEX `idx_qrtz_ft_tg`(`sched_name`, `trigger_group`) USING BTREE
) ENGINE = InnoDB CHARACTER SET = utf8mb4 COLLATE = utf8mb4_0900_ai_ci ROW_FORMAT = Dynamic;

-- ----------------------------
-- Records of qrtz_fired_triggers
-- ----------------------------

-- ----------------------------
-- Table structure for qrtz_job_details
-- ----------------------------
DROP TABLE IF EXISTS `qrtz_job_details`;
CREATE TABLE `qrtz_job_details`  (
  `sched_name` varchar(120) CHARACTER SET utf8mb4 COLLATE utf8mb4_0900_ai_ci NOT NULL,
  `job_name` varchar(200) CHARACTER SET utf8mb4 COLLATE utf8mb4_0900_ai_ci NOT NULL,
  `job_group` varchar(200) CHARACTER SET utf8mb4 COLLATE utf8mb4_0900_ai_ci NOT NULL,
  `description` varchar(250) CHARACTER SET utf8mb4 COLLATE utf8mb4_0900_ai_ci NULL DEFAULT NULL,
  `job_class_name` varchar(250) CHARACTER SET utf8mb4 COLLATE utf8mb4_0900_ai_ci NOT NULL,
  `is_durable` varchar(1) CHARACTER SET utf8mb4 COLLATE utf8mb4_0900_ai_ci NOT NULL,
  `is_nonconcurrent` varchar(1) CHARACTER SET utf8mb4 COLLATE utf8mb4_0900_ai_ci NOT NULL,
  `is_update_data` varchar(1) CHARACTER SET utf8mb4 COLLATE utf8mb4_0900_ai_ci NOT NULL,
  `requests_recovery` varchar(1) CHARACTER SET utf8mb4 COLLATE utf8mb4_0900_ai_ci NOT NULL,
  `job_data` blob NULL,
  PRIMARY KEY (`sched_name`, `job_name`, `job_group`) USING BTREE,
  INDEX `idx_qrtz_j_req_recovery`(`sched_name`, `requests_recovery`) USING BTREE,
  INDEX `idx_qrtz_j_grp`(`sched_name`, `job_group`) USING BTREE
) ENGINE = InnoDB CHARACTER SET = utf8mb4 COLLATE = utf8mb4_0900_ai_ci ROW_FORMAT = Dynamic;

-- ----------------------------
-- Records of qrtz_job_details
-- ----------------------------

-- ----------------------------
-- Table structure for qrtz_locks
-- ----------------------------
DROP TABLE IF EXISTS `qrtz_locks`;
CREATE TABLE `qrtz_locks`  (
  `sched_name` varchar(120) CHARACTER SET utf8mb4 COLLATE utf8mb4_0900_ai_ci NOT NULL,
  `lock_name` varchar(40) CHARACTER SET utf8mb4 COLLATE utf8mb4_0900_ai_ci NOT NULL,
  PRIMARY KEY (`sched_name`, `lock_name`) USING BTREE
) ENGINE = InnoDB CHARACTER SET = utf8mb4 COLLATE = utf8mb4_0900_ai_ci ROW_FORMAT = Dynamic;

-- ----------------------------
-- Records of qrtz_locks
-- ----------------------------
INSERT INTO `qrtz_locks` VALUES ('ClusteredScheduler', 'STATE_ACCESS');
INSERT INTO `qrtz_locks` VALUES ('ClusteredScheduler', 'TRIGGER_ACCESS');

-- ----------------------------
-- Table structure for qrtz_paused_trigger_grps
-- ----------------------------
DROP TABLE IF EXISTS `qrtz_paused_trigger_grps`;
CREATE TABLE `qrtz_paused_trigger_grps`  (
  `sched_name` varchar(120) CHARACTER SET utf8mb4 COLLATE utf8mb4_0900_ai_ci NOT NULL,
  `trigger_group` varchar(200) CHARACTER SET utf8mb4 COLLATE utf8mb4_0900_ai_ci NOT NULL,
  PRIMARY KEY (`sched_name`, `trigger_group`) USING BTREE
) ENGINE = InnoDB CHARACTER SET = utf8mb4 COLLATE = utf8mb4_0900_ai_ci ROW_FORMAT = Dynamic;

-- ----------------------------
-- Records of qrtz_paused_trigger_grps
-- ----------------------------

-- ----------------------------
-- Table structure for qrtz_scheduler_state
-- ----------------------------
DROP TABLE IF EXISTS `qrtz_scheduler_state`;
CREATE TABLE `qrtz_scheduler_state`  (
  `sched_name` varchar(120) CHARACTER SET utf8mb4 COLLATE utf8mb4_0900_ai_ci NOT NULL,
  `instance_name` varchar(200) CHARACTER SET utf8mb4 COLLATE utf8mb4_0900_ai_ci NOT NULL,
  `last_checkin_time` bigint(0) NOT NULL,
  `checkin_interval` bigint(0) NOT NULL,
  PRIMARY KEY (`sched_name`, `instance_name`) USING BTREE
) ENGINE = InnoDB CHARACTER SET = utf8mb4 COLLATE = utf8mb4_0900_ai_ci ROW_FORMAT = Dynamic;

-- ----------------------------
-- Records of qrtz_scheduler_state
-- ----------------------------
INSERT INTO `qrtz_scheduler_state` VALUES ('ClusteredScheduler', 'DESKTOP-FM44BLS1742558233429', 1742558255052, 20000);

-- ----------------------------
-- Table structure for qrtz_simple_triggers
-- ----------------------------
DROP TABLE IF EXISTS `qrtz_simple_triggers`;
CREATE TABLE `qrtz_simple_triggers`  (
  `sched_name` varchar(120) CHARACTER SET utf8mb4 COLLATE utf8mb4_0900_ai_ci NOT NULL,
  `trigger_name` varchar(200) CHARACTER SET utf8mb4 COLLATE utf8mb4_0900_ai_ci NOT NULL,
  `trigger_group` varchar(200) CHARACTER SET utf8mb4 COLLATE utf8mb4_0900_ai_ci NOT NULL,
  `repeat_count` bigint(0) NOT NULL,
  `repeat_interval` bigint(0) NOT NULL,
  `times_triggered` bigint(0) NOT NULL,
  PRIMARY KEY (`sched_name`, `trigger_name`, `trigger_group`) USING BTREE,
  CONSTRAINT `qrtz_simple_triggers_ibfk_1` FOREIGN KEY (`sched_name`, `trigger_name`, `trigger_group`) REFERENCES `qrtz_triggers` (`sched_name`, `trigger_name`, `trigger_group`) ON DELETE RESTRICT ON UPDATE RESTRICT
) ENGINE = InnoDB CHARACTER SET = utf8mb4 COLLATE = utf8mb4_0900_ai_ci ROW_FORMAT = Dynamic;

-- ----------------------------
-- Records of qrtz_simple_triggers
-- ----------------------------

-- ----------------------------
-- Table structure for qrtz_simprop_triggers
-- ----------------------------
DROP TABLE IF EXISTS `qrtz_simprop_triggers`;
CREATE TABLE `qrtz_simprop_triggers`  (
  `sched_name` varchar(120) CHARACTER SET utf8mb4 COLLATE utf8mb4_0900_ai_ci NOT NULL,
  `trigger_name` varchar(200) CHARACTER SET utf8mb4 COLLATE utf8mb4_0900_ai_ci NOT NULL,
  `trigger_group` varchar(200) CHARACTER SET utf8mb4 COLLATE utf8mb4_0900_ai_ci NOT NULL,
  `str_prop_1` varchar(512) CHARACTER SET utf8mb4 COLLATE utf8mb4_0900_ai_ci NULL DEFAULT NULL,
  `str_prop_2` varchar(512) CHARACTER SET utf8mb4 COLLATE utf8mb4_0900_ai_ci NULL DEFAULT NULL,
  `str_prop_3` varchar(512) CHARACTER SET utf8mb4 COLLATE utf8mb4_0900_ai_ci NULL DEFAULT NULL,
  `int_prop_1` int(0) NULL DEFAULT NULL,
  `int_prop_2` int(0) NULL DEFAULT NULL,
  `long_prop_1` bigint(0) NULL DEFAULT NULL,
  `long_prop_2` bigint(0) NULL DEFAULT NULL,
  `dec_prop_1` decimal(13, 4) NULL DEFAULT NULL,
  `dec_prop_2` decimal(13, 4) NULL DEFAULT NULL,
  `bool_prop_1` varchar(1) CHARACTER SET utf8mb4 COLLATE utf8mb4_0900_ai_ci NULL DEFAULT NULL,
  `bool_prop_2` varchar(1) CHARACTER SET utf8mb4 COLLATE utf8mb4_0900_ai_ci NULL DEFAULT NULL,
  PRIMARY KEY (`sched_name`, `trigger_name`, `trigger_group`) USING BTREE,
  CONSTRAINT `qrtz_simprop_triggers_ibfk_1` FOREIGN KEY (`sched_name`, `trigger_name`, `trigger_group`) REFERENCES `qrtz_triggers` (`sched_name`, `trigger_name`, `trigger_group`) ON DELETE RESTRICT ON UPDATE RESTRICT
) ENGINE = InnoDB CHARACTER SET = utf8mb4 COLLATE = utf8mb4_0900_ai_ci ROW_FORMAT = Dynamic;

-- ----------------------------
-- Records of qrtz_simprop_triggers
-- ----------------------------

-- ----------------------------
-- Table structure for qrtz_triggers
-- ----------------------------
DROP TABLE IF EXISTS `qrtz_triggers`;
CREATE TABLE `qrtz_triggers`  (
  `sched_name` varchar(120) CHARACTER SET utf8mb4 COLLATE utf8mb4_0900_ai_ci NOT NULL,
  `trigger_name` varchar(200) CHARACTER SET utf8mb4 COLLATE utf8mb4_0900_ai_ci NOT NULL,
  `trigger_group` varchar(200) CHARACTER SET utf8mb4 COLLATE utf8mb4_0900_ai_ci NOT NULL,
  `job_name` varchar(200) CHARACTER SET utf8mb4 COLLATE utf8mb4_0900_ai_ci NOT NULL,
  `job_group` varchar(200) CHARACTER SET utf8mb4 COLLATE utf8mb4_0900_ai_ci NOT NULL,
  `description` varchar(250) CHARACTER SET utf8mb4 COLLATE utf8mb4_0900_ai_ci NULL DEFAULT NULL,
  `next_fire_time` bigint(0) NULL DEFAULT NULL,
  `prev_fire_time` bigint(0) NULL DEFAULT NULL,
  `priority` int(0) NULL DEFAULT NULL,
  `trigger_state` varchar(16) CHARACTER SET utf8mb4 COLLATE utf8mb4_0900_ai_ci NOT NULL,
  `trigger_type` varchar(8) CHARACTER SET utf8mb4 COLLATE utf8mb4_0900_ai_ci NOT NULL,
  `start_time` bigint(0) NOT NULL,
  `end_time` bigint(0) NULL DEFAULT NULL,
  `calendar_name` varchar(200) CHARACTER SET utf8mb4 COLLATE utf8mb4_0900_ai_ci NULL DEFAULT NULL,
  `misfire_instr` smallint(0) NULL DEFAULT NULL,
  `job_data` blob NULL,
  PRIMARY KEY (`sched_name`, `trigger_name`, `trigger_group`) USING BTREE,
  INDEX `idx_qrtz_t_j`(`sched_name`, `job_name`, `job_group`) USING BTREE,
  INDEX `idx_qrtz_t_jg`(`sched_name`, `job_group`) USING BTREE,
  INDEX `idx_qrtz_t_c`(`sched_name`, `calendar_name`) USING BTREE,
  INDEX `idx_qrtz_t_g`(`sched_name`, `trigger_group`) USING BTREE,
  INDEX `idx_qrtz_t_state`(`sched_name`, `trigger_state`) USING BTREE,
  INDEX `idx_qrtz_t_n_state`(`sched_name`, `trigger_name`, `trigger_group`, `trigger_state`) USING BTREE,
  INDEX `idx_qrtz_t_n_g_state`(`sched_name`, `trigger_group`, `trigger_state`) USING BTREE,
  INDEX `idx_qrtz_t_next_fire_time`(`sched_name`, `next_fire_time`) USING BTREE,
  INDEX `idx_qrtz_t_nft_st`(`sched_name`, `trigger_state`, `next_fire_time`) USING BTREE,
  INDEX `idx_qrtz_t_nft_misfire`(`sched_name`, `misfire_instr`, `next_fire_time`) USING BTREE,
  INDEX `idx_qrtz_t_nft_st_misfire`(`sched_name`, `misfire_instr`, `next_fire_time`, `trigger_state`) USING BTREE,
  INDEX `idx_qrtz_t_nft_st_misfire_grp`(`sched_name`, `misfire_instr`, `next_fire_time`, `trigger_group`, `trigger_state`) USING BTREE,
  CONSTRAINT `qrtz_triggers_ibfk_1` FOREIGN KEY (`sched_name`, `job_name`, `job_group`) REFERENCES `qrtz_job_details` (`sched_name`, `job_name`, `job_group`) ON DELETE RESTRICT ON UPDATE RESTRICT
) ENGINE = InnoDB CHARACTER SET = utf8mb4 COLLATE = utf8mb4_0900_ai_ci ROW_FORMAT = Dynamic;

-- ----------------------------
-- Records of qrtz_triggers
-- ----------------------------

-- ----------------------------
-- Table structure for system_dept
-- ----------------------------
DROP TABLE IF EXISTS `system_dept`;
CREATE TABLE `system_dept`  (
  `dept_id` bigint(0) NOT NULL AUTO_INCREMENT COMMENT 'ID',
  `pid` bigint(0) NULL DEFAULT NULL COMMENT '上级部门',
  `sub_count` int(0) NULL DEFAULT 0 COMMENT '子部门数目',
  `name` varchar(255) CHARACTER SET utf8mb4 COLLATE utf8mb4_general_ci NOT NULL COMMENT '名称',
  `dept_sort` int(0) NULL DEFAULT 999 COMMENT '排序',
  `enabled` bit(1) NOT NULL COMMENT '状态',
  `create_by` varchar(255) CHARACTER SET utf8mb4 COLLATE utf8mb4_general_ci NULL DEFAULT NULL COMMENT '创建者',
  `update_by` varchar(255) CHARACTER SET utf8mb4 COLLATE utf8mb4_general_ci NULL DEFAULT NULL COMMENT '更新者',
  `create_time` datetime(0) NULL DEFAULT NULL COMMENT '创建日期',
  `update_time` datetime(0) NULL DEFAULT NULL COMMENT '更新时间',
  PRIMARY KEY (`dept_id`) USING BTREE,
  INDEX `idx_pid`(`pid`) USING BTREE,
  INDEX `idx_enabled`(`enabled`) USING BTREE,
  INDEX `idx_sys_dept_dept_id`(`dept_id`) USING BTREE
) ENGINE = InnoDB AUTO_INCREMENT = 18 CHARACTER SET = utf8mb4 COLLATE = utf8mb4_general_ci COMMENT = '部门' ROW_FORMAT = Dynamic;

-- ----------------------------
-- Records of system_dept
-- ----------------------------
INSERT INTO `system_dept` VALUES (2, 7, 1, '研发部', 3, b'1', 'admin', 'admin', '2025-01-05 00:00:00', '2025-01-05 00:00:00');
INSERT INTO `system_dept` VALUES (5, 7, 0, '运维部', 4, b'1', 'admin', 'admin', '2025-01-05 00:00:00', '2025-01-05 00:00:00');
INSERT INTO `system_dept` VALUES (6, 8, 0, '测试部', 6, b'1', 'admin', 'admin', '2025-01-05 00:00:00', '2025-01-05 00:00:00');
INSERT INTO `system_dept` VALUES (7, NULL, 2, '华南分部', 0, b'1', 'admin', 'admin', '2025-01-05 00:00:00', '2025-01-05 00:00:00');
INSERT INTO `system_dept` VALUES (8, NULL, 2, '华北分部', 1, b'1', 'admin', 'admin', '2025-01-05 00:00:00', '2025-01-05 00:00:00');
INSERT INTO `system_dept` VALUES (15, 8, 0, 'UI部门', 7, b'1', 'admin', 'admin', '2025-01-05 00:00:00', '2025-01-05 00:00:00');
INSERT INTO `system_dept` VALUES (17, 2, 0, '研发一组', 999, b'1', 'admin', 'admin', '2025-01-05 00:00:00', '2025-01-05 00:00:00');

-- ----------------------------
-- Table structure for system_dict
-- ----------------------------
DROP TABLE IF EXISTS `system_dict`;
CREATE TABLE `system_dict`  (
  `id` bigint(0) NOT NULL AUTO_INCREMENT COMMENT 'ID',
  `name` varchar(255) CHARACTER SET utf8mb4 COLLATE utf8mb4_general_ci NOT NULL COMMENT '字典名称',
  `description` varchar(255) CHARACTER SET utf8mb4 COLLATE utf8mb4_general_ci NULL DEFAULT NULL COMMENT '描述',
  `create_by` varchar(255) CHARACTER SET utf8mb4 COLLATE utf8mb4_general_ci NULL DEFAULT NULL COMMENT '创建者',
  `update_by` varchar(255) CHARACTER SET utf8mb4 COLLATE utf8mb4_general_ci NULL DEFAULT NULL COMMENT '更新者',
  `create_time` datetime(0) NULL DEFAULT NULL COMMENT '创建日期',
  `update_time` datetime(0) NULL DEFAULT NULL COMMENT '更新时间',
  PRIMARY KEY (`id`) USING BTREE
) ENGINE = InnoDB AUTO_INCREMENT = 5 CHARACTER SET = utf8mb4 COLLATE = utf8mb4_general_ci COMMENT = '数据字典' ROW_FORMAT = Dynamic;

-- ----------------------------
-- Records of system_dict
-- ----------------------------
INSERT INTO `system_dict` VALUES (1, 'user_status', '用户状态', 'admin', 'admin', '2025-01-05 00:00:00', '2025-01-05 00:00:00');
INSERT INTO `system_dict` VALUES (4, 'dept_status', '部门状态', 'admin', 'admin', '2025-01-05 00:00:00', '2025-01-05 00:00:00');
INSERT INTO `system_dict` VALUES (5, 'job_status', '岗位状态', 'admin', 'admin', '2025-01-05 00:00:00', '2025-01-05 00:00:00');

-- ----------------------------
-- Table structure for system_dict_detail
-- ----------------------------
DROP TABLE IF EXISTS `system_dict_detail`;
CREATE TABLE `system_dict_detail`  (
  `id` bigint(0) NOT NULL AUTO_INCREMENT COMMENT 'ID',
  `dict_id` bigint(0) NULL DEFAULT NULL COMMENT '字典id',
  `label` varchar(255) CHARACTER SET utf8mb4 COLLATE utf8mb4_general_ci NOT NULL COMMENT '字典标签',
  `value` varchar(255) CHARACTER SET utf8mb4 COLLATE utf8mb4_general_ci NOT NULL COMMENT '字典值',
  `dict_sort` int(0) NULL DEFAULT NULL COMMENT '排序',
  `create_by` varchar(255) CHARACTER SET utf8mb4 COLLATE utf8mb4_general_ci NULL DEFAULT NULL COMMENT '创建者',
  `update_by` varchar(255) CHARACTER SET utf8mb4 COLLATE utf8mb4_general_ci NULL DEFAULT NULL COMMENT '更新者',
  `create_time` datetime(0) NULL DEFAULT NULL COMMENT '创建日期',
  `update_time` datetime(0) NULL DEFAULT NULL COMMENT '更新时间',
  PRIMARY KEY (`id`) USING BTREE,
  INDEX `idx_dict_id`(`dict_id`) USING BTREE
) ENGINE = InnoDB AUTO_INCREMENT = 6 CHARACTER SET = utf8mb4 COLLATE = utf8mb4_general_ci COMMENT = '数据字典详情' ROW_FORMAT = Dynamic;

-- ----------------------------
-- Records of system_dict_detail
-- ----------------------------
INSERT INTO `system_dict_detail` VALUES (1, 1, '激活', 'true', 1, 'admin', 'admin', '2025-01-05 00:00:00', '2025-01-05 00:00:00');
INSERT INTO `system_dict_detail` VALUES (2, 1, '禁用', 'false', 2, 'admin', 'admin', '2025-01-05 00:00:00', '2025-01-05 00:00:00');
INSERT INTO `system_dict_detail` VALUES (3, 4, '启用', 'true', 1, 'admin', 'admin', '2025-01-05 00:00:00', '2025-01-05 00:00:00');
INSERT INTO `system_dict_detail` VALUES (4, 4, '停用', 'false', 2, 'admin', 'admin', '2025-01-05 00:00:00', '2025-01-05 00:00:00');
INSERT INTO `system_dict_detail` VALUES (5, 5, '启用', 'true', 1, 'admin', 'admin', '2025-01-05 00:00:00', '2025-01-05 00:00:00');
INSERT INTO `system_dict_detail` VALUES (6, 5, '停用', 'false', 2, 'admin', 'admin', '2025-01-05 00:00:00', '2025-01-05 00:00:00');

-- ----------------------------
-- Table structure for system_job
-- ----------------------------
DROP TABLE IF EXISTS `system_job`;
CREATE TABLE `system_job`  (
  `id` bigint(0) NOT NULL AUTO_INCREMENT COMMENT 'ID',
  `name` varchar(180) CHARACTER SET utf8mb4 COLLATE utf8mb4_general_ci NOT NULL COMMENT '岗位名称',
  `enabled` bit(1) NOT NULL COMMENT '岗位状态',
  `job_sort` int(0) NULL DEFAULT NULL COMMENT '排序',
  `create_by` varchar(255) CHARACTER SET utf8mb4 COLLATE utf8mb4_general_ci NULL DEFAULT NULL COMMENT '创建者',
  `update_by` varchar(255) CHARACTER SET utf8mb4 COLLATE utf8mb4_general_ci NULL DEFAULT NULL COMMENT '更新者',
  `create_time` datetime(0) NULL DEFAULT NULL COMMENT '创建日期',
  `update_time` datetime(0) NULL DEFAULT NULL COMMENT '更新时间',
  PRIMARY KEY (`id`) USING BTREE,
  UNIQUE INDEX `uniq_name`(`name`) USING BTREE,
  INDEX `idx_enabled`(`enabled`) USING BTREE
) ENGINE = InnoDB AUTO_INCREMENT = 12 CHARACTER SET = utf8mb4 COLLATE = utf8mb4_general_ci COMMENT = '岗位' ROW_FORMAT = Dynamic;

-- ----------------------------
-- Records of system_job
-- ----------------------------
INSERT INTO `system_job` VALUES (8, '人事专员', b'1', 3, 'admin', 'admin', '2025-01-05 00:00:00', '2025-01-05 00:00:00');
INSERT INTO `system_job` VALUES (10, '产品经理', b'1', 4, 'admin', 'admin', '2025-01-05 00:00:00', '2025-01-05 00:00:00');
INSERT INTO `system_job` VALUES (11, '全栈开发', b'1', 2, 'admin', 'admin', '2025-01-05 00:00:00', '2025-01-05 00:00:00');
INSERT INTO `system_job` VALUES (12, '软件测试', b'1', 5, 'admin', 'admin', '2025-01-05 00:00:00', '2025-01-05 00:00:00');

-- ----------------------------
-- Table structure for system_menu
-- ----------------------------
DROP TABLE IF EXISTS `system_menu`;
CREATE TABLE `system_menu`  (
  `menu_id` bigint(0) NOT NULL AUTO_INCREMENT COMMENT 'ID',
  `pid` bigint(0) NULL DEFAULT NULL COMMENT '上级菜单ID',
  `sub_count` int(0) NULL DEFAULT 0 COMMENT '子菜单数目',
  `type` int(0) NULL DEFAULT NULL COMMENT '菜单类型',
  `title` varchar(100) CHARACTER SET utf8mb4 COLLATE utf8mb4_general_ci NULL DEFAULT NULL COMMENT '菜单标题',
  `name` varchar(100) CHARACTER SET utf8mb4 COLLATE utf8mb4_general_ci NULL DEFAULT NULL COMMENT '组件名称',
  `component` varchar(255) CHARACTER SET utf8mb4 COLLATE utf8mb4_general_ci NULL DEFAULT NULL COMMENT '组件',
  `menu_sort` int(0) NULL DEFAULT NULL COMMENT '排序',
  `icon` varchar(255) CHARACTER SET utf8mb4 COLLATE utf8mb4_general_ci NULL DEFAULT NULL COMMENT '图标',
  `path` varchar(255) CHARACTER SET utf8mb4 COLLATE utf8mb4_general_ci NULL DEFAULT NULL COMMENT '链接地址',
  `i_frame` bit(1) NULL DEFAULT NULL COMMENT '是否外链',
  `cache` bit(1) NULL DEFAULT b'0' COMMENT '缓存',
  `hidden` bit(1) NULL DEFAULT b'0' COMMENT '隐藏',
  `permission` varchar(255) CHARACTER SET utf8mb4 COLLATE utf8mb4_general_ci NULL DEFAULT NULL COMMENT '权限',
  `create_by` varchar(255) CHARACTER SET utf8mb4 COLLATE utf8mb4_general_ci NULL DEFAULT NULL COMMENT '创建者',
  `update_by` varchar(255) CHARACTER SET utf8mb4 COLLATE utf8mb4_general_ci NULL DEFAULT NULL COMMENT '更新者',
  `create_time` datetime(0) NULL DEFAULT NULL COMMENT '创建日期',
  `update_time` datetime(0) NULL DEFAULT NULL COMMENT '更新时间',
  PRIMARY KEY (`menu_id`) USING BTREE,
  UNIQUE INDEX `uniq_name`(`name`) USING BTREE,
  UNIQUE INDEX `uniq_title`(`title`) USING BTREE,
  INDEX `idx_pid`(`pid`) USING BTREE,
  INDEX `idx_sys_menu_menu_id`(`menu_id`) USING BTREE
) ENGINE = InnoDB AUTO_INCREMENT = 131 CHARACTER SET = utf8mb4 COLLATE = utf8mb4_general_ci COMMENT = '系统菜单' ROW_FORMAT = Dynamic;

-- ----------------------------
-- Records of system_menu
-- ----------------------------
INSERT INTO `system_menu` VALUES (1, NULL, 7, 0, '系统管理', NULL, NULL, 1, 'system', 'system', b'0', b'0', b'0', NULL, 'admin', 'admin', '2025-01-05 00:00:00', '2025-01-05 00:00:00');
INSERT INTO `system_menu` VALUES (2, 1, 3, 1, '用户管理', 'User', 'system/user/index', 2, 'peoples', 'user', b'0', b'0', b'0', 'user:list', 'admin', 'admin', '2025-01-05 00:00:00', '2025-01-05 00:00:00');
INSERT INTO `system_menu` VALUES (3, 1, 3, 1, '角色管理', 'Role', 'system/role/index', 3, 'role', 'role', b'0', b'0', b'0', 'roles:list', 'admin', 'admin', '2025-01-05 00:00:00', '2025-01-05 00:00:00');
INSERT INTO `system_menu` VALUES (5, 1, 3, 1, '菜单管理', 'Menu', 'system/menu/index', 5, 'menu', 'menu', b'0', b'0', b'0', 'menu:list', 'admin', 'admin', '2025-01-05 00:00:00', '2025-01-05 00:00:00');
INSERT INTO `system_menu` VALUES (6, NULL, 3, 0, '系统监控', NULL, NULL, 10, 'monitor', 'monitor', b'0', b'0', b'0', NULL, 'admin', 'admin', '2025-01-05 00:00:00', '2025-01-05 00:00:00');
INSERT INTO `system_menu` VALUES (9, 6, 0, 1, 'SQL监控', 'Sql', 'monitor/sql/index', 18, 'sqlMonitor', 'druid', b'0', b'0', b'0', NULL, 'admin', 'admin', '2025-01-05 00:00:00', '2025-01-05 00:00:00');
INSERT INTO `system_menu` VALUES (10, NULL, 12, 0, '组件管理', NULL, NULL, 50, 'zujian', 'components', b'0', b'0', b'0', NULL, 'admin', 'admin', '2025-01-05 00:00:00', '2025-01-05 00:00:00');
INSERT INTO `system_menu` VALUES (11, 10, 0, 1, '图标库', 'Icons', 'components/icons/index', 51, 'icon', 'icon', b'0', b'0', b'0', NULL, 'admin', 'admin', '2025-01-05 00:00:00', '2025-01-05 00:00:00');
INSERT INTO `system_menu` VALUES (14, 36, 0, 1, '邮件工具', 'Email', 'tools/email/index', 35, 'email', 'email', b'0', b'0', b'0', NULL, 'admin', 'admin', '2025-01-05 00:00:00', '2025-01-05 00:00:00');
INSERT INTO `system_menu` VALUES (15, 10, 0, 1, '富文本', 'Editor', 'components/base/Editor', 52, 'fwb', 'tinymce', b'0', b'0', b'0', NULL, 'admin', 'admin', '2025-01-05 00:00:00', '2025-01-05 00:00:00');
INSERT INTO `system_menu` VALUES (18, 36, 3, 1, '存储管理', 'Storage', 'tools/storage/index', 34, 'qiniu', 'storage', b'0', b'0', b'0', 'storage:list', 'admin', 'admin', '2025-01-05 00:00:00', '2025-01-05 00:00:00');
INSERT INTO `system_menu` VALUES (21, NULL, 2, 0, '多级菜单', NULL, '', 900, 'menu', 'nested', b'0', b'0', b'0', NULL, 'admin', 'admin', '2025-01-05 00:00:00', '2025-01-05 00:00:00');
INSERT INTO `system_menu` VALUES (22, 21, 2, 0, '二级菜单1', NULL, '', 999, 'menu', 'menu1', b'0', b'0', b'0', NULL, 'admin', 'admin', '2025-01-05 00:00:00', '2025-01-05 00:00:00');
INSERT INTO `system_menu` VALUES (23, 21, 0, 1, '二级菜单2', NULL, 'nested/menu2/index', 999, 'menu', 'menu2', b'0', b'0', b'0', NULL, 'admin', 'admin', '2025-01-05 00:00:00', '2025-01-05 00:00:00');
INSERT INTO `system_menu` VALUES (24, 22, 0, 1, '三级菜单1', 'Test', 'nested/menu1/menu1-1', 999, 'menu', 'menu1-1', b'0', b'0', b'0', NULL, 'admin', 'admin', '2025-01-05 00:00:00', '2025-01-05 00:00:00');
INSERT INTO `system_menu` VALUES (27, 22, 0, 1, '三级菜单2', NULL, 'nested/menu1/menu1-2', 999, 'menu', 'menu1-2', b'0', b'0', b'0', NULL, 'admin', 'admin', '2025-01-05 00:00:00', '2025-01-05 00:00:00');
INSERT INTO `system_menu` VALUES (28, 1, 3, 1, '任务调度', 'Timing', 'system/timing/index', 999, 'timing', 'timing', b'0', b'0', b'0', 'timing:list', 'admin', 'admin', '2025-01-05 00:00:00', '2025-01-05 00:00:00');
INSERT INTO `system_menu` VALUES (33, 10, 0, 1, 'Markdown', 'Markdown', 'components/base/MarkDown', 53, 'markdown', 'markdown', b'0', b'0', b'0', NULL, 'admin', 'admin', '2025-01-05 00:00:00', '2025-01-05 00:00:00');
INSERT INTO `system_menu` VALUES (34, 10, 0, 1, 'Yaml编辑器', 'YamlEdit', 'components/base/YamlEdit', 54, 'dev', 'yaml', b'0', b'0', b'0', NULL, 'admin', 'admin', '2025-01-05 00:00:00', '2025-01-05 00:00:00');
INSERT INTO `system_menu` VALUES (35, 1, 3, 1, '部门管理', 'Dept', 'system/dept/index', 6, 'dept', 'dept', b'0', b'0', b'0', 'dept:list', 'admin', 'admin', '2025-01-05 00:00:00', '2025-01-05 00:00:00');
INSERT INTO `system_menu` VALUES (36, NULL, 2, 0, '系统工具', NULL, '', 30, 'sys-tools', 'sys-tools', b'0', b'0', b'0', NULL, 'admin', 'admin', '2025-01-05 00:00:00', '2025-01-05 00:00:00');
INSERT INTO `system_menu` VALUES (37, 1, 3, 1, '岗位管理', 'Job', 'system/job/index', 7, 'Steve-Jobs', 'job', b'0', b'0', b'0', 'job:list', 'admin', 'admin', '2025-01-05 00:00:00', '2025-01-05 00:00:00');
INSERT INTO `system_menu` VALUES (39, 1, 3, 1, '字典管理', 'Dict', 'system/dict/index', 8, 'dictionary', 'dict', b'0', b'0', b'0', 'dict:list', 'admin', 'admin', '2025-01-05 00:00:00', '2025-01-05 00:00:00');
INSERT INTO `system_menu` VALUES (41, 6, 0, 1, '在线用户', 'OnlineUser', 'monitor/online/index', 10, 'Steve-Jobs', 'online', b'0', b'0', b'0', NULL, 'admin', 'admin', '2025-01-05 00:00:00', '2025-01-05 00:00:00');
INSERT INTO `system_menu` VALUES (44, 2, 0, 2, '用户新增', NULL, '', 2, '', '', b'0', b'0', b'0', 'user:add', 'admin', 'admin', '2025-01-05 00:00:00', '2025-01-05 00:00:00');
INSERT INTO `system_menu` VALUES (45, 2, 0, 2, '用户编辑', NULL, '', 3, '', '', b'0', b'0', b'0', 'user:edit', 'admin', 'admin', '2025-01-05 00:00:00', '2025-01-05 00:00:00');
INSERT INTO `system_menu` VALUES (46, 2, 0, 2, '用户删除', NULL, '', 4, '', '', b'0', b'0', b'0', 'user:del', 'admin', 'admin', '2025-01-05 00:00:00', '2025-01-05 00:00:00');
INSERT INTO `system_menu` VALUES (48, 3, 0, 2, '角色创建', NULL, '', 2, '', '', b'0', b'0', b'0', 'roles:add', 'admin', 'admin', '2025-01-05 00:00:00', '2025-01-05 00:00:00');
INSERT INTO `system_menu` VALUES (49, 3, 0, 2, '角色修改', NULL, '', 3, '', '', b'0', b'0', b'0', 'roles:edit', 'admin', 'admin', '2025-01-05 00:00:00', '2025-01-05 00:00:00');
INSERT INTO `system_menu` VALUES (50, 3, 0, 2, '角色删除', NULL, '', 4, '', '', b'0', b'0', b'0', 'roles:del', 'admin', 'admin', '2025-01-05 00:00:00', '2025-01-05 00:00:00');
INSERT INTO `system_menu` VALUES (52, 5, 0, 2, '菜单新增', NULL, '', 2, '', '', b'0', b'0', b'0', 'menu:add', 'admin', 'admin', '2025-01-05 00:00:00', '2025-01-05 00:00:00');
INSERT INTO `system_menu` VALUES (53, 5, 0, 2, '菜单编辑', NULL, '', 3, '', '', b'0', b'0', b'0', 'menu:edit', 'admin', 'admin', '2025-01-05 00:00:00', '2025-01-05 00:00:00');
INSERT INTO `system_menu` VALUES (54, 5, 0, 2, '菜单删除', NULL, '', 4, '', '', b'0', b'0', b'0', 'menu:del', 'admin', 'admin', '2025-01-05 00:00:00', '2025-01-05 00:00:00');
INSERT INTO `system_menu` VALUES (56, 35, 0, 2, '部门新增', NULL, '', 2, '', '', b'0', b'0', b'0', 'dept:add', 'admin', 'admin', '2025-01-05 00:00:00', '2025-01-05 00:00:00');
INSERT INTO `system_menu` VALUES (57, 35, 0, 2, '部门编辑', NULL, '', 3, '', '', b'0', b'0', b'0', 'dept:edit', 'admin', 'admin', '2025-01-05 00:00:00', '2025-01-05 00:00:00');
INSERT INTO `system_menu` VALUES (58, 35, 0, 2, '部门删除', NULL, '', 4, '', '', b'0', b'0', b'0', 'dept:del', 'admin', 'admin', '2025-01-05 00:00:00', '2025-01-05 00:00:00');
INSERT INTO `system_menu` VALUES (60, 37, 0, 2, '岗位新增', NULL, '', 2, '', '', b'0', b'0', b'0', 'job:add', 'admin', 'admin', '2025-01-05 00:00:00', '2025-01-05 00:00:00');
INSERT INTO `system_menu` VALUES (61, 37, 0, 2, '岗位编辑', NULL, '', 3, '', '', b'0', b'0', b'0', 'job:edit', 'admin', 'admin', '2025-01-05 00:00:00', '2025-01-05 00:00:00');
INSERT INTO `system_menu` VALUES (62, 37, 0, 2, '岗位删除', NULL, '', 4, '', '', b'0', b'0', b'0', 'job:del', 'admin', 'admin', '2025-01-05 00:00:00', '2025-01-05 00:00:00');
INSERT INTO `system_menu` VALUES (64, 39, 0, 2, '字典新增', NULL, '', 2, '', '', b'0', b'0', b'0', 'dict:add', 'admin', 'admin', '2025-01-05 00:00:00', '2025-01-05 00:00:00');
INSERT INTO `system_menu` VALUES (65, 39, 0, 2, '字典编辑', NULL, '', 3, '', '', b'0', b'0', b'0', 'dict:edit', 'admin', 'admin', '2025-01-05 00:00:00', '2025-01-05 00:00:00');
INSERT INTO `system_menu` VALUES (66, 39, 0, 2, '字典删除', NULL, '', 4, '', '', b'0', b'0', b'0', 'dict:del', 'admin', 'admin', '2025-01-05 00:00:00', '2025-01-05 00:00:00');
INSERT INTO `system_menu` VALUES (73, 28, 0, 2, '任务新增', NULL, '', 2, '', '', b'0', b'0', b'0', 'timing:add', 'admin', 'admin', '2025-01-05 00:00:00', '2025-01-05 00:00:00');
INSERT INTO `system_menu` VALUES (74, 28, 0, 2, '任务编辑', NULL, '', 3, '', '', b'0', b'0', b'0', 'timing:edit', 'admin', 'admin', '2025-01-05 00:00:00', '2025-01-05 00:00:00');
INSERT INTO `system_menu` VALUES (75, 28, 0, 2, '任务删除', NULL, '', 4, '', '', b'0', b'0', b'0', 'timing:del', 'admin', 'admin', '2025-01-05 00:00:00', '2025-01-05 00:00:00');
INSERT INTO `system_menu` VALUES (77, 18, 0, 2, '上传文件', NULL, '', 2, '', '', b'0', b'0', b'0', 'storage:add', 'admin', 'admin', '2025-01-05 00:00:00', '2025-01-05 00:00:00');
INSERT INTO `system_menu` VALUES (78, 18, 0, 2, '文件编辑', NULL, '', 3, '', '', b'0', b'0', b'0', 'storage:edit', 'admin', 'admin', '2025-01-05 00:00:00', '2025-01-05 00:00:00');
INSERT INTO `system_menu` VALUES (79, 18, 0, 2, '文件删除', NULL, '', 4, '', '', b'0', b'0', b'0', 'storage:del', 'admin', 'admin', '2025-01-05 00:00:00', '2025-01-05 00:00:00');
INSERT INTO `system_menu` VALUES (80, 6, 0, 1, '服务监控', 'ServerMonitor', 'monitor/server/index', 14, 'codeConsole', 'server', b'0', b'0', b'0', 'monitor:list', 'admin', 'admin', '2025-01-05 00:00:00', '2025-01-05 00:00:00');
INSERT INTO `system_menu` VALUES (83, 10, 0, 1, '图表库', 'Echarts', 'components/base/Echarts', 50, 'chart', 'echarts', b'0', b'1', b'0', '', 'admin', 'admin', '2025-01-05 00:00:00', '2025-01-05 00:00:00');
INSERT INTO `system_menu` VALUES (117, 10, 0, 1, '一键复制', 'clipboardDemo', 'components/base/ClipboardDemo', 999, 'menu', 'clipboardDemo', b'0', b'0', b'0', NULL, 'admin', 'admin', '2025-01-05 00:00:00', '2025-01-05 00:00:00');
INSERT INTO `system_menu` VALUES (118, 10, 0, 1, 'Java代码编辑器', 'javaCodemirror', 'components/base/CodemirrorDemo', 999, 'menu', 'javaCodemirror', b'0', b'0', b'0', NULL, 'admin', 'admin', '2025-01-05 00:00:00', '2025-01-05 00:00:00');
INSERT INTO `system_menu` VALUES (119, 10, 0, 1, '数字滚动', 'countToDemo', 'components/base/CountToDemo', 999, 'menu', 'countToDemo', b'0', b'0', b'0', NULL, 'admin', 'admin', '2025-01-05 00:00:00', '2025-01-05 00:00:00');
INSERT INTO `system_menu` VALUES (120, 10, 0, 1, '拖拽表格', 'dragTableDemo', 'components/base/DragTableDemo', 999, 'menu', 'dragTableDemo', b'0', b'0', b'0', NULL, 'admin', 'admin', '2025-01-05 00:00:00', '2025-01-05 00:00:00');
INSERT INTO `system_menu` VALUES (121, 10, 0, 1, '分割面板', 'splitPaneDemo', 'components/base/SplitPaneDemo', 999, 'menu', 'splitPaneDemo', b'0', b'0', b'0', NULL, 'admin', 'admin', '2025-01-05 00:00:00', '2025-01-05 00:00:00');
INSERT INTO `system_menu` VALUES (122, 10, 0, 1, 'WebSocket', 'webSocketDemo', 'components/base/WebSocketDemo', 999, 'menu', 'webSocketDemo', b'0', b'0', b'0', NULL, 'admin', 'admin', '2025-01-05 00:00:00', '2025-01-05 00:00:00');
INSERT INTO `system_menu` VALUES (125, 10, 0, 1, '业务组件Demo', 'DemoShow', 'components/business/DemoShow', 999, 'menu', 'bussinessDemo', b'0', b'0', b'0', NULL, 'admin', 'admin', '2025-01-05 00:00:00', '2025-01-05 00:00:00');
INSERT INTO `system_menu` VALUES (126, NULL, 2, 0, '应用管理', NULL, NULL, 3, 'menu', 'app', b'0', b'0', b'0', NULL, 'admin', 'admin', '2025-05-12 16:16:31', '2025-05-12 16:16:31');
INSERT INTO `system_menu` VALUES (127, 126, 0, 1, '产品线配置', 'AopsAppProductLine', 'aops/app/manage/productLine', 999, 'menu', 'productLine', b'0', b'0', b'0', '', 'admin', 'admin', '2025-05-12 17:10:11', '2025-05-12 17:10:11');
INSERT INTO `system_menu` VALUES (128, 126, 0, 1, '应用列表', 'AopsAppProductManage', 'aops/app/manage/appManage', 999, 'menu', 'productManage', b'0', b'0', b'0', NULL, 'admin', 'admin', '2025-05-12 17:11:25', '2025-05-12 17:11:25');
INSERT INTO `system_menu` VALUES (129, NULL, 1, 0, 'CMDB', NULL, NULL, 2, 'menu', 'cmdb', b'0', b'0', b'0', NULL, 'admin', 'admin', '2025-05-13 13:18:36', '2025-05-13 13:18:36');
INSERT INTO `system_menu` VALUES (130, 129, 0, 1, 'Kubernetes集群配置', 'AopsCmdbClusterConfig', 'aops/cmdb/clusterConfig', 999, 'menu', 'clusterConfig', b'0', b'0', b'0', NULL, 'admin', 'admin', '2025-05-13 13:33:20', '2025-05-13 13:33:20');

-- ----------------------------
-- Table structure for system_quartz_job
-- ----------------------------
DROP TABLE IF EXISTS `system_quartz_job`;
CREATE TABLE `system_quartz_job`  (
  `id` bigint(0) NOT NULL AUTO_INCREMENT COMMENT 'ID',
  `bean_name` varchar(255) CHARACTER SET utf8mb4 COLLATE utf8mb4_general_ci NULL DEFAULT NULL COMMENT 'Spring Bean名称',
  `cron_expression` varchar(255) CHARACTER SET utf8mb4 COLLATE utf8mb4_general_ci NULL DEFAULT NULL COMMENT 'cron 表达式',
  `is_pause` bit(1) NULL DEFAULT NULL COMMENT '状态：1暂停、0启用',
  `job_name` varchar(255) CHARACTER SET utf8mb4 COLLATE utf8mb4_general_ci NULL DEFAULT NULL COMMENT '任务名称',
  `method_name` varchar(255) CHARACTER SET utf8mb4 COLLATE utf8mb4_general_ci NULL DEFAULT NULL COMMENT '方法名称',
  `params` varchar(255) CHARACTER SET utf8mb4 COLLATE utf8mb4_general_ci NULL DEFAULT NULL COMMENT '参数',
  `description` varchar(255) CHARACTER SET utf8mb4 COLLATE utf8mb4_general_ci NULL DEFAULT NULL COMMENT '备注',
  `person_in_charge` varchar(100) CHARACTER SET utf8mb4 COLLATE utf8mb4_general_ci NULL DEFAULT NULL COMMENT '负责人',
  `email` varchar(100) CHARACTER SET utf8mb4 COLLATE utf8mb4_general_ci NULL DEFAULT NULL COMMENT '报警邮箱',
  `sub_task` varchar(100) CHARACTER SET utf8mb4 COLLATE utf8mb4_general_ci NULL DEFAULT NULL COMMENT '子任务ID',
  `pause_after_failure` bit(1) NULL DEFAULT NULL COMMENT '任务失败后是否暂停',
  `create_by` varchar(255) CHARACTER SET utf8mb4 COLLATE utf8mb4_general_ci NULL DEFAULT NULL COMMENT '创建者',
  `update_by` varchar(255) CHARACTER SET utf8mb4 COLLATE utf8mb4_general_ci NULL DEFAULT NULL COMMENT '更新者',
  `create_time` datetime(0) NULL DEFAULT NULL COMMENT '创建日期',
  `update_time` datetime(0) NULL DEFAULT NULL COMMENT '更新时间',
  PRIMARY KEY (`id`) USING BTREE,
  INDEX `idx_is_pause`(`is_pause`) USING BTREE
) ENGINE = InnoDB AUTO_INCREMENT = 7 CHARACTER SET = utf8mb4 COLLATE = utf8mb4_general_ci COMMENT = '定时任务' ROW_FORMAT = Dynamic;

-- ----------------------------
-- Records of system_quartz_job
-- ----------------------------
INSERT INTO `system_quartz_job` VALUES (2, 'testTask', '0/5 * * * * ?', b'1', '测试1', 'run1', 'test', '带参测试，多参使用json', '测试', NULL, NULL, NULL, 'admin', 'admin', '2025-01-05 00:00:00', '2025-01-05 00:00:00');
INSERT INTO `system_quartz_job` VALUES (3, 'testTask', '0/5 * * * * ?', b'1', '测试', 'run', '', '不带参测试', 'Zheng Jie', '', '6', b'1', 'admin', 'admin', '2025-01-05 00:00:00', '2025-01-05 00:00:00');

-- ----------------------------
-- Table structure for system_quartz_log
-- ----------------------------
DROP TABLE IF EXISTS `system_quartz_log`;
CREATE TABLE `system_quartz_log`  (
  `id` bigint(0) NOT NULL AUTO_INCREMENT COMMENT 'ID',
  `bean_name` varchar(255) CHARACTER SET utf8mb4 COLLATE utf8mb4_general_ci NULL DEFAULT NULL COMMENT 'Bean名称',
  `cron_expression` varchar(255) CHARACTER SET utf8mb4 COLLATE utf8mb4_general_ci NULL DEFAULT NULL COMMENT 'cron 表达式',
  `is_success` bit(1) NULL DEFAULT NULL COMMENT '是否执行成功',
  `job_name` varchar(255) CHARACTER SET utf8mb4 COLLATE utf8mb4_general_ci NULL DEFAULT NULL COMMENT '任务名称',
  `method_name` varchar(255) CHARACTER SET utf8mb4 COLLATE utf8mb4_general_ci NULL DEFAULT NULL COMMENT '方法名称',
  `params` varchar(255) CHARACTER SET utf8mb4 COLLATE utf8mb4_general_ci NULL DEFAULT NULL COMMENT '参数',
  `time` bigint(0) NULL DEFAULT NULL COMMENT '执行耗时',
  `exception_detail` text CHARACTER SET utf8mb4 COLLATE utf8mb4_general_ci NULL COMMENT '异常详情',
  `create_time` datetime(0) NULL DEFAULT NULL COMMENT '创建时间',
  PRIMARY KEY (`id`) USING BTREE
) ENGINE = InnoDB CHARACTER SET = utf8mb4 COLLATE = utf8mb4_general_ci COMMENT = '定时任务日志' ROW_FORMAT = Dynamic;

-- ----------------------------
-- Records of system_quartz_log
-- ----------------------------

-- ----------------------------
-- Table structure for system_role
-- ----------------------------
DROP TABLE IF EXISTS `system_role`;
CREATE TABLE `system_role`  (
  `role_id` bigint(0) NOT NULL AUTO_INCREMENT COMMENT 'ID',
  `name` varchar(100) CHARACTER SET utf8mb4 COLLATE utf8mb4_general_ci NOT NULL COMMENT '名称',
  `level` int(0) NULL DEFAULT NULL COMMENT '角色级别',
  `description` varchar(255) CHARACTER SET utf8mb4 COLLATE utf8mb4_general_ci NULL DEFAULT NULL COMMENT '描述',
  `data_scope` varchar(255) CHARACTER SET utf8mb4 COLLATE utf8mb4_general_ci NULL DEFAULT NULL COMMENT '数据权限',
  `create_by` varchar(255) CHARACTER SET utf8mb4 COLLATE utf8mb4_general_ci NULL DEFAULT NULL COMMENT '创建者',
  `update_by` varchar(255) CHARACTER SET utf8mb4 COLLATE utf8mb4_general_ci NULL DEFAULT NULL COMMENT '更新者',
  `create_time` datetime(0) NULL DEFAULT NULL COMMENT '创建日期',
  `update_time` datetime(0) NULL DEFAULT NULL COMMENT '更新时间',
  PRIMARY KEY (`role_id`) USING BTREE,
  UNIQUE INDEX `uniq_name`(`name`) USING BTREE,
  INDEX `idx_level`(`level`) USING BTREE,
  INDEX `idx_sys_role_level`(`level`) USING BTREE
) ENGINE = InnoDB AUTO_INCREMENT = 8 CHARACTER SET = utf8mb4 COLLATE = utf8mb4_general_ci COMMENT = '角色表' ROW_FORMAT = Dynamic;

-- ----------------------------
-- Records of system_role
-- ----------------------------
INSERT INTO `system_role` VALUES (1, '超级管理员', 1, '666', '全部', 'admin', 'admin', '2025-01-05 00:00:00', '2025-01-05 00:00:00');
INSERT INTO `system_role` VALUES (2, '普通用户', 2, '-', '本级', 'admin', 'admin', '2025-01-05 00:00:00', '2025-01-05 00:00:00');
INSERT INTO `system_role` VALUES (7, 'test', 3, 'testtesttesttesttesttesttesttesttest', '全部', 'admin', 'admin', '2025-01-05 00:00:00', '2025-01-05 00:00:00');

-- ----------------------------
-- Table structure for system_roles_depts
-- ----------------------------
DROP TABLE IF EXISTS `system_roles_depts`;
CREATE TABLE `system_roles_depts`  (
  `role_id` bigint(0) NOT NULL COMMENT '角色ID',
  `dept_id` bigint(0) NOT NULL COMMENT '部门ID',
  PRIMARY KEY (`role_id`, `dept_id`) USING BTREE,
  INDEX `idx_role_id`(`role_id`) USING BTREE,
  INDEX `idx_dept_id`(`dept_id`) USING BTREE,
  INDEX `idx_sys_roles_depts_role_dept`(`role_id`, `dept_id`) USING BTREE
) ENGINE = InnoDB CHARACTER SET = utf8mb4 COLLATE = utf8mb4_general_ci COMMENT = '角色部门关联' ROW_FORMAT = Dynamic;

-- ----------------------------
-- Records of system_roles_depts
-- ----------------------------

-- ----------------------------
-- Table structure for system_roles_menus
-- ----------------------------
DROP TABLE IF EXISTS `system_roles_menus`;
CREATE TABLE `system_roles_menus`  (
  `menu_id` bigint(0) NOT NULL COMMENT '菜单ID',
  `role_id` bigint(0) NOT NULL COMMENT '角色ID',
  PRIMARY KEY (`menu_id`, `role_id`) USING BTREE,
  INDEX `idx_menu_id`(`menu_id`) USING BTREE,
  INDEX `idx_role_id`(`role_id`) USING BTREE,
  INDEX `idx_sys_roles_menus_role_menu`(`role_id`, `menu_id`) USING BTREE
) ENGINE = InnoDB CHARACTER SET = utf8mb4 COLLATE = utf8mb4_general_ci COMMENT = '角色菜单关联' ROW_FORMAT = Dynamic;

-- ----------------------------
-- Records of system_roles_menus
-- ----------------------------
INSERT INTO `system_roles_menus` VALUES (1, 1);
INSERT INTO `system_roles_menus` VALUES (2, 1);
INSERT INTO `system_roles_menus` VALUES (3, 1);
INSERT INTO `system_roles_menus` VALUES (5, 1);
INSERT INTO `system_roles_menus` VALUES (10, 2);
INSERT INTO `system_roles_menus` VALUES (11, 2);
INSERT INTO `system_roles_menus` VALUES (14, 7);
INSERT INTO `system_roles_menus` VALUES (15, 2);
INSERT INTO `system_roles_menus` VALUES (18, 2);
INSERT INTO `system_roles_menus` VALUES (18, 7);
INSERT INTO `system_roles_menus` VALUES (21, 2);
INSERT INTO `system_roles_menus` VALUES (22, 2);
INSERT INTO `system_roles_menus` VALUES (23, 2);
INSERT INTO `system_roles_menus` VALUES (24, 2);
INSERT INTO `system_roles_menus` VALUES (27, 2);
INSERT INTO `system_roles_menus` VALUES (28, 1);
INSERT INTO `system_roles_menus` VALUES (33, 2);
INSERT INTO `system_roles_menus` VALUES (34, 2);
INSERT INTO `system_roles_menus` VALUES (35, 1);
INSERT INTO `system_roles_menus` VALUES (36, 2);
INSERT INTO `system_roles_menus` VALUES (36, 7);
INSERT INTO `system_roles_menus` VALUES (37, 1);
INSERT INTO `system_roles_menus` VALUES (39, 1);
INSERT INTO `system_roles_menus` VALUES (44, 1);
INSERT INTO `system_roles_menus` VALUES (45, 1);
INSERT INTO `system_roles_menus` VALUES (46, 1);
INSERT INTO `system_roles_menus` VALUES (48, 1);
INSERT INTO `system_roles_menus` VALUES (49, 1);
INSERT INTO `system_roles_menus` VALUES (50, 1);
INSERT INTO `system_roles_menus` VALUES (52, 1);
INSERT INTO `system_roles_menus` VALUES (53, 1);
INSERT INTO `system_roles_menus` VALUES (54, 1);
INSERT INTO `system_roles_menus` VALUES (56, 1);
INSERT INTO `system_roles_menus` VALUES (57, 1);
INSERT INTO `system_roles_menus` VALUES (58, 1);
INSERT INTO `system_roles_menus` VALUES (60, 1);
INSERT INTO `system_roles_menus` VALUES (61, 1);
INSERT INTO `system_roles_menus` VALUES (62, 1);
INSERT INTO `system_roles_menus` VALUES (64, 1);
INSERT INTO `system_roles_menus` VALUES (65, 1);
INSERT INTO `system_roles_menus` VALUES (66, 1);
INSERT INTO `system_roles_menus` VALUES (73, 1);
INSERT INTO `system_roles_menus` VALUES (74, 1);
INSERT INTO `system_roles_menus` VALUES (75, 1);
INSERT INTO `system_roles_menus` VALUES (77, 2);
INSERT INTO `system_roles_menus` VALUES (77, 7);
INSERT INTO `system_roles_menus` VALUES (78, 2);
INSERT INTO `system_roles_menus` VALUES (78, 7);
INSERT INTO `system_roles_menus` VALUES (79, 2);
INSERT INTO `system_roles_menus` VALUES (79, 7);
INSERT INTO `system_roles_menus` VALUES (80, 2);
INSERT INTO `system_roles_menus` VALUES (83, 2);
INSERT INTO `system_roles_menus` VALUES (117, 2);
INSERT INTO `system_roles_menus` VALUES (118, 2);
INSERT INTO `system_roles_menus` VALUES (119, 2);
INSERT INTO `system_roles_menus` VALUES (120, 2);
INSERT INTO `system_roles_menus` VALUES (121, 2);
INSERT INTO `system_roles_menus` VALUES (122, 2);
INSERT INTO `system_roles_menus` VALUES (126, 1);
INSERT INTO `system_roles_menus` VALUES (127, 1);
INSERT INTO `system_roles_menus` VALUES (128, 1);
INSERT INTO `system_roles_menus` VALUES (129, 1);
INSERT INTO `system_roles_menus` VALUES (130, 1);

-- ----------------------------
-- Table structure for system_user
-- ----------------------------
DROP TABLE IF EXISTS `system_user`;
CREATE TABLE `system_user`  (
  `user_id` bigint(0) NOT NULL AUTO_INCREMENT COMMENT 'ID',
  `dept_id` bigint(0) NULL DEFAULT NULL COMMENT '部门名称',
  `username` varchar(180) CHARACTER SET utf8mb4 COLLATE utf8mb4_general_ci NULL DEFAULT NULL COMMENT '用户名',
  `nick_name` varchar(255) CHARACTER SET utf8mb4 COLLATE utf8mb4_general_ci NULL DEFAULT NULL COMMENT '昵称',
  `gender` varchar(2) CHARACTER SET utf8mb4 COLLATE utf8mb4_general_ci NULL DEFAULT NULL COMMENT '性别',
  `phone` varchar(255) CHARACTER SET utf8mb4 COLLATE utf8mb4_general_ci NULL DEFAULT NULL COMMENT '手机号码',
  `email` varchar(180) CHARACTER SET utf8mb4 COLLATE utf8mb4_general_ci NULL DEFAULT NULL COMMENT '邮箱',
  `avatar_name` varchar(255) CHARACTER SET utf8mb4 COLLATE utf8mb4_general_ci NULL DEFAULT NULL COMMENT '头像地址',
  `avatar_path` varchar(255) CHARACTER SET utf8mb4 COLLATE utf8mb4_general_ci NULL DEFAULT NULL COMMENT '头像真实路径',
  `password` varchar(255) CHARACTER SET utf8mb4 COLLATE utf8mb4_general_ci NULL DEFAULT NULL COMMENT '密码',
  `is_admin` bit(1) NULL DEFAULT b'0' COMMENT '是否为admin账号',
  `enabled` bit(1) NULL DEFAULT NULL COMMENT '状态：1启用、0禁用',
  `create_by` varchar(255) CHARACTER SET utf8mb4 COLLATE utf8mb4_general_ci NULL DEFAULT NULL COMMENT '创建者',
  `update_by` varchar(255) CHARACTER SET utf8mb4 COLLATE utf8mb4_general_ci NULL DEFAULT NULL COMMENT '更新者',
  `pwd_reset_time` datetime(0) NULL DEFAULT NULL COMMENT '修改密码的时间',
  `create_time` datetime(0) NULL DEFAULT NULL COMMENT '创建日期',
  `update_time` datetime(0) NULL DEFAULT NULL COMMENT '更新时间',
  PRIMARY KEY (`user_id`) USING BTREE,
  UNIQUE INDEX `uniq_email`(`email`) USING BTREE,
  UNIQUE INDEX `uniq_username`(`username`) USING BTREE,
  INDEX `idx_dept_id`(`dept_id`) USING BTREE,
  INDEX `idx_enabled`(`enabled`) USING BTREE,
  UNIQUE INDEX `uniq_phone`(`phone`) USING BTREE
) ENGINE = InnoDB AUTO_INCREMENT = 4 CHARACTER SET = utf8mb4 COLLATE = utf8mb4_general_ci COMMENT = '系统用户' ROW_FORMAT = Dynamic;

-- ----------------------------
-- Records of system_user
-- ----------------------------
INSERT INTO `system_user` VALUES (1, 2, 'admin', '管理员', '男', '18888888888', '1943815081@qq.com', '', '', '$2a$10$Egp1/gvFlt7zhlXVfEFw4OfWQCGPw0ClmMcc6FjTnvXNRVf9zdMRa', b'1', b'1', 'admin', 'admin', '2020-05-03 16:38:31', '2025-01-05 00:00:00', '2025-01-05 00:00:00');
INSERT INTO `system_user` VALUES (3, 2, '测试6s', '测试', '男', '18888888881', '188888@qq.com', NULL, NULL, '$2a$10$DpAGWp3CYtYySPqJe.CnL.c/OCR0kkPLLAwAyID0yFHLamtYdYsvy', b'0', b'0', 'admin', 'admin', NULL, '2025-01-05 00:00:00', '2025-01-05 00:00:00');

-- ----------------------------
-- Table structure for system_users_jobs
-- ----------------------------
DROP TABLE IF EXISTS `system_users_jobs`;
CREATE TABLE `system_users_jobs`  (
  `user_id` bigint(0) NOT NULL COMMENT '用户ID',
  `job_id` bigint(0) NOT NULL COMMENT '岗位ID',
  PRIMARY KEY (`user_id`, `job_id`) USING BTREE,
  INDEX `idx_user_id`(`user_id`) USING BTREE,
  INDEX `idx_job_id`(`job_id`) USING BTREE
) ENGINE = InnoDB CHARACTER SET = utf8 COLLATE = utf8_general_ci COMMENT = '用户与岗位关联表' ROW_FORMAT = Dynamic;

-- ----------------------------
-- Records of system_users_jobs
-- ----------------------------
INSERT INTO `system_users_jobs` VALUES (1, 11);
INSERT INTO `system_users_jobs` VALUES (3, 11);

-- ----------------------------
-- Table structure for system_users_roles
-- ----------------------------
DROP TABLE IF EXISTS `system_users_roles`;
CREATE TABLE `system_users_roles`  (
  `user_id` bigint(0) NOT NULL COMMENT '用户ID',
  `role_id` bigint(0) NOT NULL COMMENT '角色ID',
  PRIMARY KEY (`user_id`, `role_id`) USING BTREE,
  INDEX `idx_user_id`(`user_id`) USING BTREE,
  INDEX `idx_role_id`(`role_id`) USING BTREE
) ENGINE = InnoDB CHARACTER SET = utf8mb4 COLLATE = utf8mb4_general_ci COMMENT = '用户角色关联' ROW_FORMAT = Dynamic;

-- ----------------------------
-- Records of system_users_roles
-- ----------------------------
INSERT INTO `system_users_roles` VALUES (1, 1);
INSERT INTO `system_users_roles` VALUES (3, 2);

-- ----------------------------
-- Table structure for tool_email_config
-- ----------------------------
DROP TABLE IF EXISTS `tool_email_config`;
CREATE TABLE `tool_email_config`  (
  `config_id` bigint(0) NOT NULL COMMENT 'ID',
  `from_user` varchar(255) CHARACTER SET utf8mb4 COLLATE utf8mb4_general_ci NULL DEFAULT NULL COMMENT '收件人',
  `host` varchar(255) CHARACTER SET utf8mb4 COLLATE utf8mb4_general_ci NULL DEFAULT NULL COMMENT '邮件服务器SMTP地址',
  `password` varchar(255) CHARACTER SET utf8mb4 COLLATE utf8mb4_general_ci NULL DEFAULT NULL COMMENT '密码',
  `port` varchar(255) CHARACTER SET utf8mb4 COLLATE utf8mb4_general_ci NULL DEFAULT NULL COMMENT '端口',
  `user` varchar(255) CHARACTER SET utf8mb4 COLLATE utf8mb4_general_ci NULL DEFAULT NULL COMMENT '发件者用户名',
  PRIMARY KEY (`config_id`) USING BTREE
) ENGINE = InnoDB CHARACTER SET = utf8mb4 COLLATE = utf8mb4_general_ci COMMENT = '邮箱配置' ROW_FORMAT = Dynamic;

-- ----------------------------
-- Records of tool_email_config
-- ----------------------------

-- ----------------------------
-- Table structure for tool_local_storage
-- ----------------------------
DROP TABLE IF EXISTS `tool_local_storage`;
CREATE TABLE `tool_local_storage`  (
  `id` bigint(0) NOT NULL AUTO_INCREMENT COMMENT 'ID',
  `real_name` varchar(255) CHARACTER SET utf8mb4 COLLATE utf8mb4_general_ci NULL DEFAULT NULL COMMENT '文件真实的名称',
  `name` varchar(255) CHARACTER SET utf8mb4 COLLATE utf8mb4_general_ci NULL DEFAULT NULL COMMENT '文件名',
  `suffix` varchar(255) CHARACTER SET utf8mb4 COLLATE utf8mb4_general_ci NULL DEFAULT NULL COMMENT '后缀',
  `path` varchar(255) CHARACTER SET utf8mb4 COLLATE utf8mb4_general_ci NULL DEFAULT NULL COMMENT '路径',
  `type` varchar(255) CHARACTER SET utf8mb4 COLLATE utf8mb4_general_ci NULL DEFAULT NULL COMMENT '类型',
  `size` varchar(100) CHARACTER SET utf8mb4 COLLATE utf8mb4_general_ci NULL DEFAULT NULL COMMENT '大小',
  `create_by` varchar(255) CHARACTER SET utf8mb4 COLLATE utf8mb4_general_ci NULL DEFAULT NULL COMMENT '创建者',
  `update_by` varchar(255) CHARACTER SET utf8mb4 COLLATE utf8mb4_general_ci NULL DEFAULT NULL COMMENT '更新者',
  `create_time` datetime(0) NULL DEFAULT NULL COMMENT '创建日期',
  `update_time` datetime(0) NULL DEFAULT NULL COMMENT '更新时间',
  PRIMARY KEY (`id`) USING BTREE
) ENGINE = InnoDB AUTO_INCREMENT = 11 CHARACTER SET = utf8mb4 COLLATE = utf8mb4_general_ci COMMENT = '本地存储' ROW_FORMAT = Dynamic;

-- ----------------------------
-- Records of tool_local_storage
-- ----------------------------
INSERT INTO `tool_local_storage` VALUES (11, 'bg-202504100131576.jpg', 'bg', 'jpg', 'C:\\cutejava\\file\\image\\bg-202504100131576.jpg', 'image', '20.20MB   ', 'admin', 'admin', '2025-04-10 13:32:00', '2025-04-10 13:32:00');

-- ----------------------------
-- Table structure for tool_qiniu_config
-- ----------------------------
DROP TABLE IF EXISTS `tool_qiniu_config`;
CREATE TABLE `tool_qiniu_config`  (
  `config_id` bigint(0) NOT NULL COMMENT 'ID',
  `access_key` text CHARACTER SET utf8mb4 COLLATE utf8mb4_general_ci NULL COMMENT 'accessKey',
  `bucket` varchar(255) CHARACTER SET utf8mb4 COLLATE utf8mb4_general_ci NULL DEFAULT NULL COMMENT 'Bucket 识别符',
  `host` varchar(255) CHARACTER SET utf8mb4 COLLATE utf8mb4_general_ci NOT NULL COMMENT '外链域名',
  `secret_key` text CHARACTER SET utf8mb4 COLLATE utf8mb4_general_ci NULL COMMENT 'secretKey',
  `type` varchar(255) CHARACTER SET utf8mb4 COLLATE utf8mb4_general_ci NULL DEFAULT NULL COMMENT '空间类型',
  `zone` varchar(255) CHARACTER SET utf8mb4 COLLATE utf8mb4_general_ci NULL DEFAULT NULL COMMENT '机房',
  PRIMARY KEY (`config_id`) USING BTREE
) ENGINE = InnoDB CHARACTER SET = utf8mb4 COLLATE = utf8mb4_general_ci COMMENT = '七牛云配置' ROW_FORMAT = Dynamic;

-- ----------------------------
-- Records of tool_qiniu_config
-- ----------------------------

-- ----------------------------
-- Table structure for tool_qiniu_content
-- ----------------------------
DROP TABLE IF EXISTS `tool_qiniu_content`;
CREATE TABLE `tool_qiniu_content`  (
  `id` bigint(0) NOT NULL AUTO_INCREMENT COMMENT 'ID',
  `bucket` varchar(255) CHARACTER SET utf8mb4 COLLATE utf8mb4_general_ci NULL DEFAULT NULL COMMENT 'Bucket 识别符',
  `name` varchar(180) CHARACTER SET utf8mb4 COLLATE utf8mb4_general_ci NULL DEFAULT NULL COMMENT '文件名称',
  `size` varchar(255) CHARACTER SET utf8mb4 COLLATE utf8mb4_general_ci NULL DEFAULT NULL COMMENT '文件大小',
  `type` varchar(255) CHARACTER SET utf8mb4 COLLATE utf8mb4_general_ci NULL DEFAULT NULL COMMENT '文件类型：私有或公开',
  `url` varchar(255) CHARACTER SET utf8mb4 COLLATE utf8mb4_general_ci NULL DEFAULT NULL COMMENT '文件url',
  `suffix` varchar(255) CHARACTER SET utf8mb4 COLLATE utf8mb4_general_ci NULL DEFAULT NULL COMMENT '文件后缀',
  `update_time` datetime(0) NULL DEFAULT NULL COMMENT '上传或同步的时间',
  PRIMARY KEY (`id`) USING BTREE,
  UNIQUE INDEX `uniq_name`(`name`) USING BTREE
) ENGINE = InnoDB CHARACTER SET = utf8mb4 COLLATE = utf8mb4_general_ci COMMENT = '七牛云文件存储' ROW_FORMAT = Dynamic;

-- ----------------------------
-- Records of tool_qiniu_content
-- ----------------------------

SET FOREIGN_KEY_CHECKS = 1;
